progress,loss,accuracy
0.01,2.7853,0.06
0.02,2.7519,0.1
0.03,2.7519,0.06
0.04,2.7519,0.09
0.04,2.7251,0.09
0.05,2.7646,0.08
0.06,2.6921,0.08
0.07,2.6733,0.1
0.08,2.6733,0.1
0.09,2.6454,0.11
0.1,2.7022,0.13
0.11,2.7113,0.13
0.12,2.7113,0.15
0.13,2.6687,0.13
0.14,2.5392,0.12
0.15,2.5311,0.09
0.16,2.5038,0.09
0.17,2.5038,0.11
0.17,2.5301,0.09
0.18,2.5992,0.11
0.19,2.5301,0.12
0.2,2.6252,0.17
0.21,2.6195,0.18
0.22,2.6703,0.19
0.23,2.6094,0.19
0.24,2.6175,0.19
0.25,2.5088,0.22
0.26,2.4848,0.21
0.27,2.5295,0.18
0.28,2.5088,0.16
0.29,2.5768,0.13
0.29,2.6418,0.1
0.3,2.6417,0.15
0.31,2.645,0.15
0.32,2.6417,0.17
0.33,2.6541,0.2
0.34,2.5442,0.2
0.35,2.4685,0.19
0.36,2.4589,0.23
0.37,2.4589,0.34
0.38,2.5648,0.35
0.39,2.5182,0.34
0.4,2.5216,0.33
0.41,2.4097,0.29
0.42,2.4442,0.33
0.42,2.4132,0.3
0.43,2.4132,0.3
0.44,2.2444,0.28
0.45,2.0772,0.3
0.46,2.0772,0.31
0.47,2.2572,0.31
0.48,2.3995,0.31
0.49,2.6478,0.34
0.5,2.2572,0.32
0.51,2.3673,0.33
0.52,2.1974,0.33
0.53,2.4118,0.35
0.54,2.4606,0.33
0.54,2.4606,0.32
0.55,2.4547,0.32
0.56,2.3491,0.32
0.57,2.3491,0.31
0.58,2.298,0.31
0.59,2.3793,0.37
0.6,2.4071,0.35
0.61,2.4071,0.36
0.62,2.4853,0.31
0.63,2.4042,0.3
0.64,2.3146,0.28
0.65,2.1807,0.31
0.66,2.1807,0.28
0.67,2.0929,0.24
0.67,2.0929,0.26
0.68,2.1559,0.28
0.69,2.1559,0.33
0.7,1.9773,0.35
0.71,1.9902,0.39
0.72,2.16,0.38
0.73,2.1614,0.4
0.74,2.192,0.4
0.75,2.192,0.38
0.76,2.192,0.33
0.77,2.1334,0.38
0.78,2.1334,0.41
0.79,1.9758,0.36
0.79,2.2648,0.36
0.8,2.0529,0.35
0.81,2.1151,0.34
0.82,2.0529,0.35
0.83,2.0757,0.3
0.84,1.9842,0.33
0.85,2.0044,0.35
0.86,1.9936,0.34
0.87,1.6656,0.35
0.88,1.6656,0.38
0.89,1.7588,0.38
0.9,2.0893,0.35
0.91,2.0893,0.42
0.92,2.234,0.38
0.92,1.9063,0.37
0.93,1.9295,0.38
0.94,1.7031,0.39
0.95,1.9027,0.41
0.96,1.7612,0.4
0.97,1.9617,0.4
0.98,2.1713,0.37
0.99,1.9617,0.42
1.0,1.8524,0.42
1.01,1.9697,0.4
1.02,2.0272,0.42
1.03,2.1213,0.47
1.04,2.1213,0.42
1.04,2.0272,0.42
1.05,2.0023,0.39
1.06,1.9071,0.44
1.07,1.9071,0.44
1.08,1.8985,0.46
1.09,1.9266,0.4
1.1,1.7526,0.4
1.11,1.9391,0.4
1.12,1.8806,0.47
1.13,1.8806,0.42
1.14,1.6879,0.47
1.15,1.6558,0.41
1.16,1.7766,0.44
1.17,1.6558,0.46
1.17,1.6794,0.44
1.18,1.7247,0.44
1.19,1.6794,0.44
1.2,1.794,0.44
1.21,1.7491,0.44
1.22,1.7719,0.45
1.23,1.7684,0.45
1.24,1.7684,0.38
1.25,1.8271,0.42
1.26,1.9534,0.41
1.27,2.0843,0.44
1.28,2.0843,0.47
1.29,1.8695,0.43
1.29,1.8695,0.41
1.3,1.8251,0.4
1.31,1.8251,0.42
1.32,1.7641,0.44
1.33,1.7643,0.46
1.34,1.7643,0.48
1.35,1.896,0.46
1.36,1.7211,0.44
1.37,1.6927,0.42
1.38,1.7822,0.38
1.39,1.6927,0.35
1.4,1.4895,0.38
1.41,1.2395,0.42
1.42,1.3585,0.47
1.42,1.5238,0.47
1.43,1.6285,0.44
1.44,1.9352,0.43
1.45,1.917,0.47
1.46,1.9352,0.47
1.47,1.917,0.48
1.48,1.8535,0.47
1.49,1.9713,0.49
1.5,1.9713,0.51
1.51,1.8313,0.51
1.52,1.5319,0.48
1.53,1.5774,0.48
1.54,1.7942,0.46
1.54,1.6998,0.45
1.55,2.0287,0.42
1.56,1.7942,0.47
1.57,2.0936,0.42
1.58,1.9922,0.47
1.59,2.0982,0.5
1.6,2.0982,0.47
1.61,1.9922,0.48
1.62,1.8837,0.49
1.63,1.8796,0.47
1.64,1.678,0.46
1.65,1.6164,0.44
1.66,1.5902,0.43
1.67,1.6135,0.4
1.67,1.7048,0.45
1.68,1.7309,0.45
1.69,1.7898,0.43
1.7,1.7092,0.47
1.71,1.7092,0.46
1.72,1.508,0.46
1.73,1.7465,0.48
1.74,1.7465,0.44
1.75,1.818,0.47
1.76,1.7465,0.49
1.77,1.564,0.51
1.78,1.5354,0.5
1.79,1.6285,0.5
1.79,1.5354,0.5
1.8,1.5075,0.5
1.81,1.5065,0.5
1.82,1.6148,0.49
1.83,1.869,0.49
1.84,1.7697,0.49
1.85,1.6785,0.47
1.86,1.6785,0.5
1.87,1.6636,0.49
1.88,1.8191,0.47
1.89,1.8204,0.48
1.9,1.8204,0.48
1.91,1.9272,0.47
1.92,1.9245,0.47
1.92,1.8919,0.45
1.93,1.5425,0.43
1.94,1.8025,0.46
1.95,1.6534,0.49
1.96,1.8025,0.5
1.97,1.7937,0.45
1.98,1.7937,0.44
1.99,1.6924,0.44
2.0,1.5275,0.47
2.01,1.4963,0.46
2.02,1.5331,0.44
2.03,1.7133,0.51
2.04,1.682,0.49
2.04,1.3339,0.46
2.05,1.0982,0.51
2.06,1.364,0.47
2.07,1.4203,0.51
2.08,1.573,0.51
2.09,1.6678,0.51
2.1,1.5692,0.49
2.11,1.5692,0.51
2.12,1.4058,0.49
2.13,1.1302,0.52
2.14,1.3683,0.48
2.15,1.6246,0.47
2.16,1.6771,0.51
2.17,1.3357,0.51
2.17,1.2576,0.51
2.18,1.0587,0.47
2.19,1.2392,0.47
2.2,1.3323,0.45
2.21,1.3388,0.44
2.22,1.3607,0.44
2.23,1.3323,0.46
2.24,1.2857,0.47
2.25,1.4165,0.47
2.26,1.5781,0.48
2.27,1.5781,0.5
2.28,1.5432,0.47
2.29,1.8513,0.48
2.29,1.7851,0.49
2.3,1.8148,0.47
2.31,1.3369,0.47
2.32,1.2784,0.46
2.33,1.5521,0.47
2.34,1.6396,0.48
2.35,1.6967,0.48
2.36,1.6396,0.49
2.37,1.7173,0.53
2.38,1.7173,0.51
2.39,1.6048,0.49
2.4,1.5519,0.5
2.41,1.6173,0.51
2.42,1.6173,0.51
2.42,1.5627,0.51
2.43,1.7671,0.49
2.44,1.7671,0.5
2.45,1.7671,0.53
2.46,1.4819,0.5
2.47,1.5094,0.5
2.48,1.5094,0.53
2.49,1.4819,0.49
2.5,1.4158,0.49
2.51,1.2705,0.49
2.52,1.2042,0.48
2.53,1.1818,0.49
2.54,1.2066,0.48
2.54,1.6322,0.46
2.55,1.5017,0.49
2.56,1.4431,0.47
2.57,1.477,0.47
2.58,1.2878,0.46
2.59,1.2878,0.5
2.6,1.4202,0.5
2.61,1.5588,0.5
2.62,1.5825,0.51
2.63,1.811,0.47
2.64,1.5825,0.49
2.65,1.4862,0.49
2.66,1.4584,0.49
2.67,1.4331,0.49
2.67,1.6007,0.52
2.68,1.5806,0.49
2.69,1.5806,0.51
2.7,1.4033,0.51
2.71,1.3355,0.5
2.72,1.2788,0.51
2.73,1.3858,0.49
2.74,1.3873,0.51
2.75,1.3858,0.56
2.76,1.3873,0.49
2.77,1.41,0.51
2.78,1.41,0.53
2.79,1.2991,0.51
2.79,1.41,0.49
2.8,1.2242,0.48
2.81,1.521,0.47
2.82,1.5704,0.49
2.83,1.5958,0.49
2.84,1.5704,0.49
2.85,1.5704,0.52
2.86,1.5677,0.54
2.87,1.4863,0.54
2.88,1.5677,0.53
2.89,1.2554,0.51
2.9,1.5836,0.49
2.91,1.7602,0.53
2.92,1.4954,0.54
2.92,1.3363,0.51
2.93,1.3363,0.49
2.94,1.346,0.53
2.95,1.4574,0.55
2.96,1.5815,0.48
2.97,1.724,0.51
2.98,1.9417,0.53
2.99,2.0054,0.51
3.0,1.2699,0.52
3.01,1.3201,0.49
3.02,1.3201,0.51
3.03,1.5137,0.52
3.04,1.4261,0.52
3.04,1.4261,0.51
3.05,1.364,0.55
3.06,1.4038,0.5
3.07,1.364,0.53
3.08,1.4038,0.51
3.09,1.3568,0.54
3.1,1.3941,0.55
3.11,1.3568,0.54
3.12,1.1777,0.55
3.13,1.1529,0.53
3.14,1.1934,0.55
3.15,1.2498,0.53
3.16,1.2504,0.58
3.17,1.0575,0.55
3.17,1.2032,0.51
3.18,1.4386,0.53
3.19,1.1149,0.52
3.2,1.4386,0.51
3.21,1.2235,0.54
3.22,1.5728,0.54
3.23,1.3959,0.53
3.24,1.3959,0.55
3.25,1.1807,0.54
3.26,1.1739,0.56
3.27,1.1739,0.56
3.28,0.9677,0.56
3.29,0.9677,0.56
3.29,1.1624,0.56
3.3,1.1141,0.6
3.31,1.1141,0.56
3.32,1.1624,0.51
3.33,1.4757,0.53
3.34,1.3931,0.53
3.35,1.2235,0.56
3.36,1.1009,0.56
3.37,1.5959,0.56
3.38,1.6871,0.54
3.39,1.3159,0.51
3.4,1.3159,0.54
3.41,1.5399,0.53
3.42,1.228,0.56
3.42,1.1849,0.55
3.43,1.1165,0.56
3.44,1.3335,0.55
3.45,1.4602,0.56
3.46,1.4544,0.56
3.47,1.4087,0.56
3.48,1.248,0.56
3.49,1.248,0.57
3.5,1.4421,0.54
3.51,1.4421,0.53
3.52,1.4365,0.54
3.53,1.3241,0.57
3.54,1.4359,0.53
3.54,1.3081,0.56
3.55,1.4359,0.54
3.56,1.2749,0.58
3.57,1.2749,0.55
3.58,1.3765,0.56
3.59,1.3765,0.54
3.6,1.2574,0.52
3.61,1.0677,0.57
3.62,1.1841,0.53
3.63,1.0677,0.56
3.64,1.2239,0.56
3.65,1.2431,0.56
3.66,1.2431,0.56
3.67,1.3588,0.54
3.67,1.2431,0.54
3.68,1.3588,0.57
3.69,1.3742,0.56
3.7,1.1337,0.58
3.71,0.847,0.52
3.72,1.3148,0.55
3.73,1.4047,0.56
3.74,1.693,0.57
3.75,1.693,0.56
3.76,1.2631,0.53
3.77,1.2571,0.59
3.78,1.2306,0.56
3.79,1.2851,0.58
3.79,1.2314,0.55
3.8,1.2314,0.58
3.81,1.3519,0.58
3.82,1.2314,0.56
3.83,1.3633,0.57
3.84,1.3686,0.57
3.85,1.4007,0.57
3.86,1.4119,0.55
3.87,1.2009,0.61
3.88,1.2009,0.57
3.89,1.2321,0.56
3.9,1.3646,0.53
3.91,1.2757,0.56
3.92,1.5836,0.59
3.92,1.3859,0.53
3.93,1.36,0.55
3.94,1.3261,0.57
3.95,1.36,0.58
3.96,1.1679,0.58
3.97,1.3007,0.59
3.98,1.1991,0.59
3.99,1.3421,0.55
4.0,1.3438,0.56
4.01,1.2487,0.56
4.02,1.1715,0.57
4.03,1.0198,0.6
4.04,1.007,0.56
4.04,1.5153,0.55
4.05,1.5153,0.57
4.06,1.3006,0.58
4.07,1.2178,0.56
4.08,0.8332,0.58
4.09,0.8496,0.56
4.1,1.1517,0.55
4.11,1.0789,0.51
4.12,1.1517,0.58
4.13,1.1404,0.56
4.14,1.0892,0.59
4.15,1.037,0.56
4.16,1.0685,0.54
4.17,1.0892,0.56
4.17,1.2054,0.54
4.18,1.0504,0.53
4.19,1.1215,0.6
4.2,1.1215,0.57
4.21,1.1232,0.57
4.22,1.1779,0.57
4.23,1.1232,0.55
4.24,1.221,0.54
4.25,1.0336,0.6
4.26,1.1919,0.56
4.27,1.1091,0.57
4.28,1.1919,0.58
4.29,1.169,0.59
4.29,1.1731,0.58
4.3,0.9642,0.58
4.31,1.2099,0.56
4.32,1.133,0.56
4.33,1.2099,0.54
4.34,1.133,0.58
4.35,1.2333,0.58
4.36,1.1056,0.58
4.37,1.3549,0.57
4.38,1.1056,0.53
4.39,1.3691,0.59
4.4,1.3759,0.56
4.41,1.2839,0.58
4.42,1.0714,0.57
4.42,1.3021,0.53
4.43,1.3021,0.58
4.44,1.3021,0.54
4.45,1.2335,0.55
4.46,1.2298,0.58
4.47,1.0043,0.55
4.48,0.9026,0.56
4.49,0.8412,0.57
4.5,1.4381,0.59
4.51,1.4295,0.54
4.52,1.4478,0.53
4.53,1.4295,0.56
4.54,1.2812,0.57
4.54,1.2426,0.56
4.55,1.2029,0.59
4.56,1.1961,0.62
4.57,1.2463,0.58
4.58,1.3466,0.54
4.59,1.3425,0.58
4.6,1.1413,0.52
4.61,1.2922,0.56
4.62,1.1506,0.55
4.63,1.182,0.55
4.64,1.182,0.58
4.65,1.1506,0.57
4.66,1.2332,0.58
4.67,1.2332,0.58
4.67,1.2283,0.57
4.68,1.2755,0.59
4.69,1.2223,0.58
4.7,1.3047,0.59
4.71,1.3536,0.58
4.72,1.4177,0.58
4.73,1.4244,0.58
4.74,1.3983,0.56
4.75,1.2256,0.55
4.76,1.1698,0.58
4.77,1.1489,0.59
4.78,1.1489,0.58
4.79,1.1424,0.56
4.79,1.1424,0.56
4.8,1.2121,0.58
4.81,1.2768,0.58
4.82,1.3094,0.54
4.83,1.2768,0.59
4.84,1.2926,0.58
4.85,1.2802,0.56
4.86,1.2189,0.58
4.87,1.3305,0.57
4.88,1.3557,0.54
4.89,1.3557,0.58
4.9,1.2122,0.53
4.91,1.2122,0.56
4.92,1.2122,0.58
4.92,1.3997,0.55
4.93,1.3591,0.56
4.94,1.4386,0.56
4.95,1.2332,0.56
4.96,1.2332,0.56
4.97,1.1177,0.54
4.98,1.1177,0.55
4.99,1.1177,0.56
5.0,1.1177,0.57
5.01,1.4745,0.57
5.02,1.2038,0.57
5.03,1.5208,0.51
5.04,1.4946,0.56
5.04,1.4096,0.56
5.05,1.2484,0.54
5.06,1.081,0.56
5.07,1.0066,0.56
5.08,1.0545,0.55
5.09,1.168,0.56
5.1,1.1822,0.56
5.11,1.1822,0.58
5.12,1.4323,0.56
5.13,1.3112,0.59
5.14,1.3001,0.53
5.15,1.1885,0.58
5.16,1.0927,0.56
5.17,1.3047,0.57
5.17,1.3047,0.57
5.18,1.3047,0.54
5.19,1.2067,0.54
5.2,0.8208,0.56
5.21,0.7694,0.56
5.22,1.1518,0.56
5.23,1.1025,0.57
5.24,1.2154,0.57
5.25,0.9445,0.56
5.26,1.5209,0.59
5.27,1.3243,0.53
5.28,1.3243,0.59
5.29,1.4514,0.58
5.29,1.2736,0.54
5.3,1.2736,0.58
5.31,1.2736,0.55
5.32,1.1027,0.56
5.33,1.1027,0.53
5.34,1.1404,0.58
5.35,0.915,0.58
5.36,1.1765,0.56
5.37,1.1177,0.54
5.38,1.2396,0.56
5.39,1.2467,0.58
5.4,1.2493,0.56
5.41,1.2916,0.56
5.42,1.2778,0.56
5.42,1.0909,0.6
5.43,1.0822,0.56
5.44,0.9255,0.58
5.45,0.9556,0.56
5.46,1.0165,0.56
5.47,1.0165,0.59
5.48,1.1028,0.53
5.49,0.8308,0.56
5.5,0.7555,0.56
5.51,1.0683,0.55
5.52,1.0899,0.57
5.53,1.1831,0.58
5.54,1.2473,0.6
5.54,1.2349,0.59
5.55,1.1869,0.58
5.56,1.1869,0.58
5.57,1.2349,0.59
5.58,1.317,0.57
5.59,1.2435,0.58
5.6,0.9574,0.56
5.61,1.0507,0.55
5.62,1.1918,0.56
5.63,1.3005,0.57
5.64,1.3005,0.62
5.65,1.1166,0.54
5.66,1.046,0.56
5.67,1.0699,0.56
5.67,1.0723,0.58
5.68,1.0723,0.58
5.69,1.3808,0.54
5.7,1.3808,0.56
5.71,1.4412,0.56
5.72,1.4412,0.58
5.73,1.2351,0.55
5.74,1.3837,0.58
5.75,1.3837,0.56
5.76,1.322,0.58
5.77,1.2811,0.56
5.78,1.322,0.58
5.79,1.169,0.58
5.79,1.1958,0.52
5.8,1.3288,0.59
5.81,1.3469,0.55
5.82,1.3596,0.58
5.83,1.1982,0.59
5.84,1.2391,0.57
5.85,1.2391,0.56
5.86,1.2475,0.58
5.87,1.3626,0.6
5.88,1.1418,0.56
5.89,1.2128,0.54
5.9,1.0424,0.55
5.91,1.1265,0.58
5.92,1.186,0.56
5.92,1.216,0.58
5.93,1.2241,0.57
5.94,1.0204,0.58
5.95,0.7409,0.56
5.96,0.8388,0.53
5.97,0.8603,0.59
5.98,1.0048,0.6
5.99,0.974,0.54
6.0,0.7199,0.53
6.01,0.7199,0.57
6.02,0.6759,0.56
6.03,0.8719,0.56
6.04,0.7503,0.55
6.04,0.6928,0.57
6.05,0.6928,0.53
6.06,0.7191,0.6
6.07,0.7191,0.56
6.08,0.5351,0.55
6.09,1.0314,0.58
6.1,1.0441,0.53
6.11,1.2002,0.54
6.12,1.0679,0.56
6.13,1.1281,0.58
6.14,0.8969,0.53
6.15,1.114,0.56
6.16,0.9491,0.53
6.17,1.2194,0.56
6.17,1.2499,0.56
6.18,1.3334,0.59
6.19,1.3334,0.55
6.2,1.2958,0.55
6.21,1.3093,0.51
6.22,0.9026,0.51
6.23,1.3601,0.54
6.24,1.1498,0.56
6.25,1.1498,0.56
6.26,1.088,0.56
6.27,1.072,0.55
6.28,0.9077,0.56
6.29,0.9077,0.57
6.29,1.0814,0.58
6.3,1.0937,0.6
6.31,1.0937,0.56
6.32,1.3001,0.56
6.33,1.0628,0.56
6.34,1.0955,0.56
6.35,1.0628,0.58
6.36,0.9495,0.56
6.37,1.1541,0.56
6.38,1.2482,0.56
6.39,1.2482,0.59
6.4,1.2482,0.56
6.41,1.3832,0.55
6.42,1.3832,0.54
6.42,1.3037,0.58
6.43,1.0978,0.57
6.44,1.2084,0.55
6.45,1.2084,0.58
6.46,0.9988,0.57
6.47,1.1892,0.54
6.48,1.0277,0.56
6.49,1.048,0.6
6.5,0.9816,0.58
6.51,0.8244,0.58
6.52,0.7754,0.55
6.53,1.0361,0.58
6.54,1.0993,0.55
6.54,1.1349,0.56
6.55,1.3989,0.59
6.56,1.179,0.56
6.57,1.1717,0.51
6.58,0.8478,0.6
6.59,0.6184,0.54
6.6,0.6184,0.58
6.61,0.6138,0.55
6.62,0.82,0.58
6.63,1.1658,0.59
6.64,1.1658,0.55
6.65,1.3233,0.55
6.66,0.77,0.58
6.67,1.2422,0.58
6.67,1.2629,0.57
6.68,1.2747,0.57
6.69,1.3764,0.56
6.7,1.3764,0.56
6.71,1.8666,0.55
6.72,1.3008,0.56
6.73,1.2208,0.56
6.74,1.0669,0.56
6.75,0.7461,0.58
6.76,0.8356,0.58
6.77,0.8356,0.53
6.78,1.031,0.53
6.79,1.3295,0.56
6.79,1.203,0.55
6.8,1.3584,0.55
6.81,1.385,0.51
6.82,1.4896,0.58
6.83,1.3095,0.59
6.84,1.4896,0.58
6.85,1.5153,0.59
6.86,0.9883,0.54
6.87,1.1314,0.57
6.88,1.541,0.55
6.89,1.4981,0.56
6.9,1.4172,0.56
6.91,1.3418,0.58
6.92,1.2754,0.54
6.92,1.2754,0.56
6.93,1.2754,0.51
6.94,1.3243,0.53
6.95,1.0948,0.53
6.96,0.8954,0.56
6.97,0.8954,0.61
6.98,0.8954,0.58
6.99,1.028,0.62
7.0,1.1462,0.54
7.01,1.3134,0.58
7.02,1.3134,0.6
7.03,0.7844,0.59
7.04,0.6146,0.56
7.04,0.872,0.58
7.05,0.8911,0.57
7.06,0.8911,0.56
7.07,1.2662,0.56
7.08,0.9692,0.58
7.09,0.9639,0.56
7.1,0.9639,0.55
7.11,0.9639,0.53
7.12,0.9197,0.56
7.13,0.9602,0.54
7.14,0.9602,0.56
7.15,1.0405,0.54
7.16,1.0208,0.58
7.17,1.0156,0.55
7.17,1.0892,0.6
7.18,1.1362,0.58
7.19,1.0532,0.56
7.2,1.117,0.59
7.21,0.8408,0.58
7.22,1.2078,0.58
7.23,1.3842,0.57
7.24,1.3511,0.56
7.25,1.1297,0.54
7.26,1.118,0.57
7.27,1.0436,0.58
7.28,1.0436,0.59
7.29,1.0738,0.6
7.29,1.1392,0.58
7.3,1.4868,0.56
7.31,1.5622,0.58
7.32,1.5968,0.55
7.33,1.6657,0.56
7.34,1.6657,0.56
7.35,1.4681,0.58
7.36,1.387,0.57
7.37,1.1242,0.58
7.38,0.7669,0.56
7.39,1.044,0.53
7.4,1.0312,0.58
7.41,1.0312,0.59
7.42,0.976,0.55
7.42,0.6324,0.56
7.43,0.8329,0.56
7.44,0.8329,0.58
7.45,0.861,0.6
7.46,0.9673,0.56
7.47,0.9078,0.56
7.48,1.2933,0.58
7.49,1.0904,0.56
7.5,0.9673,0.57
7.51,1.1617,0.55
7.52,1.1617,0.54
7.53,1.172,0.58
7.54,1.1938,0.57
7.54,1.0762,0.54
7.55,1.0122,0.55
7.56,0.9726,0.55
7.57,1.0241,0.57
7.58,1.143,0.56
7.59,1.3743,0.62
7.6,1.3965,0.58
7.61,1.3965,0.56
7.62,1.4252,0.56
7.63,1.2265,0.54
7.64,1.6178,0.57
7.65,1.0849,0.54
7.66,1.2069,0.54
7.67,0.9208,0.6
7.67,1.0849,0.57
7.68,1.1514,0.57
7.69,1.3725,0.56
7.7,1.3725,0.55
7.71,1.3863,0.58
7.72,1.1774,0.57
7.73,1.3088,0.55
7.74,1.154,0.56
7.75,1.1309,0.56
7.76,1.3042,0.6
7.77,1.1761,0.55
7.78,1.144,0.57
7.79,1.0071,0.58
7.79,0.9779,0.59
7.8,0.9779,0.56
7.81,1.0131,0.57
7.82,0.8338,0.54
7.83,1.0131,0.58
7.84,0.7655,0.61
7.85,0.7572,0.59
7.86,0.7572,0.55
7.87,1.3204,0.58
7.88,1.2788,0.58
7.89,1.2788,0.58
7.9,1.2221,0.57
7.91,1.1972,0.56
7.92,1.1972,0.58
7.92,1.1972,0.59
7.93,1.3785,0.56
7.94,1.0717,0.59
7.95,1.1339,0.6
7.96,1.1339,0.6
7.97,1.3754,0.55
7.98,1.37,0.54
7.99,1.2932,0.55
8.0,1.2302,0.58
8.01,1.1486,0.57
8.02,1.1517,0.54
8.03,1.2165,0.55
8.04,1.2219,0.57
8.04,1.2219,0.58
8.05,1.0301,0.6
8.06,1.1851,0.56
8.07,1.4103,0.58
8.08,1.3399,0.6
8.09,1.4103,0.55
8.1,1.0649,0.59
8.11,1.1374,0.59
8.12,0.9652,0.63
8.13,0.7598,0.57
8.14,0.7598,0.58
8.15,1.0425,0.58
8.16,1.3652,0.55
8.17,1.3652,0.61
8.17,1.5071,0.58
8.18,1.7158,0.58
8.19,1.7158,0.59
8.2,1.666,0.57
8.21,1.4362,0.56
8.22,1.0272,0.6
8.23,1.0272,0.59
8.24,1.0272,0.55
8.25,1.0411,0.54
8.26,0.9469,0.57
8.27,0.9254,0.58
8.28,0.9254,0.56
8.29,0.9254,0.58
8.29,0.9306,0.6
8.3,0.9924,0.58
8.31,1.0019,0.58
8.32,0.9924,0.57
8.33,1.0019,0.6
8.34,0.9774,0.56
8.35,1.2417,0.57
8.36,1.2417,0.56
8.37,1.0724,0.6
8.38,1.0724,0.58
8.39,1.2185,0.58
8.4,1.2185,0.6
8.41,1.2315,0.57
8.42,0.915,0.62
8.42,1.1222,0.61
8.43,1.1222,0.62
8.44,1.1747,0.61
8.45,1.2156,0.58
8.46,1.146,0.57
8.47,1.0418,0.59
8.48,0.8978,0.58
8.49,0.8978,0.57
8.5,0.9447,0.55
8.51,0.9134,0.56
8.52,0.9134,0.58
8.53,0.8294,0.56
8.54,0.9134,0.57
8.54,1.2186,0.56
8.55,1.1969,0.59
8.56,1.1451,0.56
8.57,1.1451,0.6
8.58,0.8552,0.6
8.59,0.8552,0.59
8.6,0.8552,0.58
8.61,0.9323,0.62
8.62,1.2779,0.58
8.63,1.2327,0.6
8.64,1.1379,0.55
8.65,1.1305,0.59
8.66,1.0253,0.54
8.67,1.1074,0.58
8.67,1.0707,0.57
8.68,0.9489,0.58
8.69,0.7112,0.58
8.7,0.7112,0.6
8.71,1.0358,0.55
8.72,1.1589,0.53
8.73,1.1043,0.6
8.74,1.2471,0.6
8.75,1.389,0.57
8.76,1.389,0.57
8.77,1.389,0.59
8.78,0.942,0.6
8.79,0.8932,0.56
8.79,0.8932,0.58
8.8,0.747,0.58
8.81,0.8423,0.58
8.82,0.9208,0.59
8.83,1.0796,0.6
8.84,1.0796,0.6
8.85,1.2314,0.54
8.86,0.9364,0.59
8.87,0.8036,0.6
8.88,0.7579,0.58
8.89,0.8107,0.56
8.9,0.8107,0.58
8.91,1.2143,0.58
8.92,1.1358,0.58
8.92,1.0933,0.61
8.93,0.9297,0.6
8.94,0.9956,0.59
8.95,0.9956,0.57
8.96,0.9297,0.54
8.97,1.073,0.59
8.98,1.073,0.55
8.99,1.2216,0.56
9.0,1.249,0.62
9.01,1.2429,0.58
9.02,0.9668,0.57
9.03,0.9791,0.59
9.04,0.9101,0.58
9.04,0.8878,0.6
9.05,0.8074,0.59
9.06,0.8477,0.57
9.07,0.6862,0.6
9.08,1.045,0.58
9.09,1.0725,0.57
9.1,1.1926,0.54
9.11,1.1285,0.55
9.12,1.2681,0.56
9.13,1.2094,0.56
9.14,1.1451,0.58
9.15,1.2715,0.58
9.16,1.2715,0.56
9.17,0.9054,0.56
9.17,0.892,0.58
9.18,1.0026,0.59
9.19,1.1008,0.57
9.2,1.3214,0.6
9.21,1.372,0.61
9.22,1.4389,0.6
9.23,1.372,0.53
9.24,1.3054,0.59
9.25,0.9578,0.57
9.26,0.8979,0.56
9.27,0.8979,0.58
9.28,0.9514,0.58
9.29,0.8837,0.59
9.29,0.8784,0.59
9.3,0.8784,0.6
9.31,0.8784,0.54
9.32,1.0245,0.6
9.33,0.9298,0.56
9.34,0.9298,0.56
9.35,1.013,0.58
9.36,1.09,0.6
9.37,1.1105,0.6
9.38,1.1105,0.59
9.39,0.8905,0.57
9.4,0.8978,0.58
9.41,1.0216,0.58
9.42,1.0216,0.55
9.42,1.1622,0.58
9.43,1.3648,0.57
9.44,1.1622,0.58
9.45,1.1489,0.58
9.46,0.9857,0.62
9.47,0.9515,0.6
9.48,0.9515,0.58
9.49,0.9055,0.59
9.5,1.0415,0.6
9.51,1.0835,0.61
9.52,1.0835,0.55
9.53,1.0231,0.57
9.54,0.9629,0.62
9.54,0.7986,0.58
9.55,0.7986,0.59
9.56,0.899,0.62
9.57,1.0708,0.58
9.58,1.3198,0.63
9.59,1.0926,0.59
9.6,1.3261,0.55
9.61,1.3261,0.54
9.62,1.4749,0.57
9.63,1.5734,0.61
9.64,1.5674,0.56
9.65,1.469,0.58
9.66,1.469,0.58
9.67,1.0582,0.59
9.67,1.036,0.58
9.68,1.0109,0.57
9.69,1.1493,0.57
9.7,1.2139,0.57
9.71,1.2139,0.56
9.72,0.784,0.6
9.73,0.7827,0.6
9.74,1.3664,0.58
9.75,1.3664,0.55
9.76,1.504,0.6
9.77,0.9948,0.57
9.78,0.9544,0.58
9.79,0.6804,0.58
9.79,0.9265,0.62
9.8,1.0512,0.58
9.81,1.0512,0.55
9.82,1.0512,0.6
9.83,1.1137,0.55
9.84,1.2066,0.58
9.85,1.1137,0.6
9.86,0.9355,0.56
9.87,1.2524,0.6
9.88,1.184,0.6
9.89,1.2524,0.56
9.9,0.9952,0.58
9.91,0.9952,0.61
9.92,1.3195,0.6
9.92,1.3247,0.62
9.93,1.3195,0.58
9.94,0.8322,0.57
9.95,0.8574,0.55
9.96,0.963,0.59
9.97,1.1947,0.59
9.98,1.3194,0.58
9.99,1.3374,0.58
10.0,1.3194,0.59
10.01,0.9091,0.56
10.02,0.991,0.56
10.03,1.1881,0.56
10.04,0.991,0.59
10.04,1.1881,0.57
10.05,1.1317,0.58
10.06,1.1652,0.58
10.07,1.11,0.58
10.08,1.11,0.57
10.09,1.0678,0.57
10.1,0.7271,0.62
10.11,0.962,0.53
10.12,1.1745,0.61
10.13,0.962,0.55
10.14,0.9093,0.58
10.15,0.9093,0.6
10.16,1.1304,0.58
10.17,1.2779,0.57
10.17,1.2475,0.55
10.18,1.2779,0.62
10.19,1.2475,0.58
10.2,1.0486,0.58
10.21,1.1014,0.55
10.22,1.1014,0.57
10.23,1.1014,0.56
10.24,1.0297,0.55
10.25,0.9432,0.56
10.26,0.9432,0.54
10.27,0.9432,0.56
10.28,1.0979,0.54
10.29,1.0979,0.56
10.29,1.1081,0.65
10.3,1.1081,0.59
10.31,1.023,0.54
10.32,1.1379,0.56
10.33,1.1954,0.58
10.34,1.1954,0.6
10.35,1.2129,0.61
10.36,1.0113,0.58
10.37,0.8684,0.56
10.38,0.9232,0.6
10.39,0.9232,0.58
10.4,1.0123,0.57
10.41,0.9381,0.59
10.42,1.0048,0.57
10.42,0.9684,0.58
10.43,1.0761,0.58
10.44,0.8596,0.58
10.45,0.6471,0.56
10.46,0.6041,0.58
10.47,0.6348,0.57
10.48,0.7185,0.61
10.49,0.7339,0.56
10.5,0.7339,0.57
10.51,0.743,0.62
10.52,0.9448,0.56
10.53,0.794,0.58
10.54,1.0523,0.61
10.54,1.1183,0.59
10.55,0.99,0.58
10.56,1.0494,0.58
10.57,1.1396,0.61
10.58,1.0797,0.58
10.59,1.1769,0.56
10.6,1.1396,0.58
10.61,1.1413,0.58
10.62,1.0705,0.62
10.63,0.7534,0.59
10.64,0.6247,0.6
10.65,0.6601,0.55
10.66,0.9978,0.58
10.67,1.007,0.61
10.67,1.1776,0.57
10.68,1.2049,0.56
10.69,1.2203,0.59
10.7,1.255,0.6
10.71,1.0187,0.58
10.72,1.0949,0.53
10.73,0.9367,0.55
10.74,1.0949,0.59
10.75,1.0652,0.57
10.76,0.7641,0.6
10.77,0.8365,0.59
10.78,1.0324,0.56
10.79,1.1268,0.57
10.79,1.1364,0.58
10.8,1.1438,0.58
10.81,1.2773,0.56
10.82,1.219,0.6
10.83,1.219,0.59
10.84,0.973,0.56
10.85,1.1658,0.58
10.86,1.1658,0.54
10.87,1.1385,0.54
10.88,1.0767,0.62
10.89,0.9536,0.58
10.9,0.9418,0.58
10.91,0.6526,0.6
10.92,0.6975,0.6
10.92,0.6975,0.62
10.93,0.9256,0.57
10.94,0.8339,0.57
10.95,1.018,0.59
10.96,1.0932,0.59
10.97,0.9865,0.6
10.98,1.1198,0.6
10.99,1.1993,0.56
11.0,1.1671,0.58
11.01,0.9802,0.58
11.02,0.962,0.57
11.03,0.9802,0.58
11.04,0.9703,0.64
11.04,0.8758,0.62
11.05,0.7856,0.58
11.06,0.8758,0.57
11.07,0.8252,0.61
11.08,0.9719,0.58
11.09,0.9118,0.56
11.1,0.9719,0.6
11.11,0.9118,0.58
11.12,0.9359,0.57
11.13,0.9359,0.57
11.14,0.8539,0.58
11.15,0.9359,0.58
11.16,0.9798,0.59
11.17,1.0319,0.58
11.17,1.0007,0.6
11.18,1.0319,0.59
11.19,0.9523,0.6
11.2,1.0065,0.6
11.21,1.183,0.6
11.22,1.1735,0.6
11.23,1.183,0.61
11.24,1.1419,0.56
11.25,1.1497,0.6
11.26,0.7265,0.59
11.27,0.7687,0.58
11.28,0.9105,0.57
11.29,1.0134,0.6
11.29,1.3287,0.6
11.3,1.0037,0.62
11.31,1.1493,0.6
11.32,1.1493,0.57
11.33,1.1493,0.57
11.34,1.1237,0.58
11.35,1.1728,0.61
11.36,1.0997,0.58
11.37,1.0444,0.54
11.38,1.1817,0.54
11.39,1.0543,0.59
11.4,0.9798,0.58
11.41,0.9923,0.58
11.42,0.9923,0.59
11.42,1.0797,0.6
11.43,1.0797,0.6
11.44,1.1998,0.61
11.45,1.0753,0.6
11.46,0.9842,0.55
11.47,0.9842,0.56
11.48,0.9264,0.58
11.49,0.5499,0.6
11.5,0.601,0.6
11.51,0.601,0.62
11.52,0.601,0.58
11.53,0.7813,0.58
11.54,0.7031,0.62
11.54,0.7438,0.58
11.55,0.7702,0.58
11.56,1.0519,0.59
11.57,1.0632,0.58
11.58,1.0632,0.58
11.59,0.8206,0.6
11.6,0.7193,0.6
11.61,0.9616,0.61
11.62,1.1118,0.57
11.63,1.1118,0.6
11.64,1.3163,0.61
11.65,1.5759,0.59
11.66,1.0112,0.56
11.67,0.9897,0.6
11.67,0.9897,0.59
11.68,0.9897,0.63
11.69,1.1617,0.62
11.7,1.0585,0.54
11.71,1.1006,0.59
11.72,1.0857,0.62
11.73,1.1487,0.61
11.74,1.1862,0.56
11.75,1.3426,0.6
11.76,1.2624,0.56
11.77,1.2624,0.59
11.78,0.905,0.57
11.79,1.0765,0.58
11.79,0.804,0.6
11.8,1.046,0.61
11.81,0.9587,0.58
11.82,0.9952,0.59
11.83,1.0405,0.6
11.84,1.0581,0.59
11.85,1.2056,0.59
11.86,0.9621,0.6
11.87,0.9621,0.57
11.88,0.9798,0.56
11.89,0.9798,0.64
11.9,0.9816,0.62
11.91,1.0803,0.6
11.92,0.9595,0.57
11.92,0.9445,0.62
11.93,0.9595,0.57
11.94,0.776,0.56
11.95,0.7771,0.62
11.96,0.776,0.62
11.97,0.7876,0.57
11.98,1.1342,0.58
11.99,0.8742,0.57
12.0,0.738,0.6
12.01,0.8791,0.6
12.02,0.911,0.57
12.03,1.0534,0.57
12.04,1.015,0.6
12.04,0.836,0.6
12.05,0.8328,0.53
12.06,0.7612,0.57
12.07,0.5121,0.6
12.08,0.7379,0.58
12.09,0.5859,0.62
12.1,0.8701,0.62
12.11,0.7213,0.62
12.12,1.1894,0.57
12.13,1.1074,0.56
12.14,1.1894,0.61
12.15,1.1496,0.62
12.16,1.0572,0.64
12.17,0.9408,0.59
12.17,0.9323,0.58
12.18,0.9457,0.63
12.19,0.9323,0.6
12.2,1.2192,0.58
12.21,0.7526,0.6
12.22,0.9343,0.58
12.23,0.9343,0.56
12.24,1.0496,0.6
12.25,1.1235,0.62
12.26,1.0496,0.56
12.27,0.781,0.59
12.28,1.0835,0.6
12.29,1.0835,0.58
12.29,1.1133,0.6
12.3,1.0079,0.64
12.31,1.0857,0.57
12.32,1.0857,0.59
12.33,1.1084,0.61
12.34,1.1084,0.56
12.35,1.1135,0.63
12.36,1.1433,0.58
12.37,1.1171,0.58
12.38,1.1171,0.59
12.39,1.0114,0.58
12.4,0.7827,0.61
12.41,0.7827,0.59
12.42,0.9624,0.59
12.42,1.0958,0.59
12.43,0.9624,0.62
12.44,0.8762,0.58
12.45,0.8535,0.58
12.46,0.9109,0.6
12.47,1.2535,0.57
12.48,1.3791,0.58
12.49,1.3784,0.58
12.5,1.2169,0.64
12.51,1.0299,0.58
12.52,0.9192,0.6
12.53,0.9192,0.59
12.54,0.9451,0.6
12.54,0.9544,0.6
12.55,0.9711,0.61
12.56,1.1974,0.57
12.57,1.3299,0.6
12.58,1.3299,0.56
12.59,1.3251,0.61
12.6,1.4141,0.6
12.61,1.1168,0.61
12.62,1.2651,0.62
12.63,1.1168,0.62
12.64,0.9648,0.65
12.65,0.9648,0.55
12.66,0.879,0.6
12.67,0.7966,0.58
12.67,0.9581,0.58
12.68,1.0149,0.56
12.69,1.0519,0.57
12.7,1.2105,0.59
12.71,1.306,0.6
12.72,1.0426,0.59
12.73,0.7861,0.65
12.74,0.7861,0.65
12.75,0.7861,0.6
12.76,0.9745,0.6
12.77,0.9745,0.58
12.78,0.965,0.62
12.79,0.9048,0.58
12.79,0.62,0.6
12.8,0.3035,0.6
12.81,0.997,0.6
12.82,0.997,0.61
12.83,1.0635,0.59
12.84,1.0635,0.56
12.85,1.1481,0.6
12.86,1.2972,0.56
12.87,1.0489,0.59
12.88,0.7716,0.62
12.89,0.7716,0.6
12.9,0.8872,0.6
12.91,0.9441,0.63
12.92,0.9482,0.61
12.92,0.9199,0.64
12.93,0.7035,0.62
12.94,0.9199,0.56
12.95,1.1374,0.58
12.96,1.1386,0.58
12.97,1.042,0.61
12.98,1.042,0.58
12.99,1.0566,0.6
13.0,1.0929,0.58
13.01,0.8878,0.62
13.02,1.0755,0.6
13.03,0.9817,0.59
13.04,0.9926,0.61
13.04,0.9329,0.6
13.05,0.9926,0.61
13.06,1.0039,0.58
13.07,1.0903,0.58
13.08,1.1429,0.6
13.09,1.1551,0.6
13.1,1.1835,0.61
13.11,1.1384,0.6
13.12,1.0877,0.59
13.13,0.6976,0.6
13.14,0.9389,0.59
13.15,0.7622,0.62
13.16,0.9389,0.6
13.17,0.8319,0.59
13.17,1.2658,0.62
13.18,1.2658,0.6
13.19,0.9828,0.58
13.2,0.8368,0.62
13.21,0.9828,0.6
13.22,1.2637,0.57
13.23,1.3576,0.61
13.24,1.0667,0.58
13.25,0.9131,0.61
13.26,0.9131,0.58
13.27,0.9004,0.59
13.28,0.9518,0.6
13.29,0.9518,0.58
13.29,1.152,0.6
13.3,1.1578,0.62
13.31,1.1578,0.58
13.32,1.0204,0.58
13.33,1.0204,0.56
13.34,1.0204,0.61
13.35,1.1257,0.59
13.36,1.1257,0.6
13.37,0.8652,0.57
13.38,0.7453,0.59
13.39,0.5901,0.6
13.4,0.5973,0.61
13.41,1.1058,0.6
13.42,1.1058,0.58
13.42,0.8602,0.56
13.43,0.8602,0.56
13.44,0.9573,0.61
13.45,1.0687,0.61
13.46,1.0818,0.6
13.47,1.1747,0.58
13.48,0.9174,0.62
13.49,0.72,0.56
13.5,0.6653,0.58
13.51,0.8063,0.57
13.52,0.8431,0.56
13.53,1.3862,0.6
13.54,1.0439,0.56
13.54,1.0439,0.6
13.55,0.8124,0.56
13.56,0.8124,0.59
13.57,0.9335,0.53
13.58,1.007,0.56
13.59,1.007,0.6
13.6,0.9842,0.59
13.61,0.9067,0.56
13.62,0.7701,0.56
13.63,0.7695,0.6
13.64,0.6414,0.61
13.65,0.9856,0.58
13.66,0.854,0.57
13.67,0.9856,0.56
13.67,0.9856,0.6
13.68,0.8449,0.59
13.69,1.077,0.56
13.7,1.0424,0.61
13.71,1.0424,0.61
13.72,1.0106,0.58
13.73,0.9673,0.56
13.74,0.7149,0.59
13.75,0.8781,0.58
13.76,0.8009,0.56
13.77,1.0104,0.62
13.78,1.0104,0.62
13.79,1.022,0.56
13.79,1.1436,0.62
13.8,0.9373,0.58
13.81,0.9369,0.59
13.82,0.8741,0.59
13.83,0.8105,0.6
13.84,0.8105,0.6
13.85,0.7617,0.58
13.86,0.9254,0.59
13.87,0.9944,0.58
13.88,1.0643,0.58
13.89,0.9944,0.63
13.9,0.8785,0.57
13.91,0.9608,0.62
13.92,1.0564,0.59
13.92,1.1625,0.65
13.93,1.1772,0.59
13.94,1.0141,0.62
13.95,0.7103,0.6
13.96,1.0141,0.59
13.97,1.0141,0.58
13.98,0.9463,0.62
13.99,0.9649,0.61
14.0,0.9649,0.58
14.01,0.9837,0.56
14.02,1.097,0.6
14.03,0.9884,0.59
14.04,0.7622,0.62
14.04,0.9884,0.59
14.05,1.219,0.6
14.06,1.219,0.59
14.07,1.219,0.59
14.08,0.8021,0.62
14.09,0.8983,0.64
14.1,1.0585,0.58
14.11,1.0533,0.58
14.12,0.9796,0.59
14.13,0.9594,0.62
14.14,0.9594,0.61
14.15,0.9557,0.6
14.16,0.5721,0.62
14.17,0.9557,0.58
14.17,0.8922,0.59
14.18,0.9111,0.57
14.19,0.8764,0.6
14.2,0.8922,0.59
14.21,1.253,0.59
14.22,1.4074,0.61
14.23,1.535,0.57
14.24,1.4153,0.59
14.25,1.1401,0.6
14.26,1.1751,0.6
14.27,1.0409,0.6
14.28,0.9582,0.6
14.29,0.8067,0.6
14.29,0.8067,0.57
14.3,0.7841,0.56
14.31,1.0163,0.59
14.32,0.7841,0.6
14.33,0.772,0.58
14.34,0.7241,0.61
14.35,0.7193,0.59
14.36,0.7816,0.58
14.37,0.7816,0.6
14.38,0.9241,0.62
14.39,0.9241,0.62
14.4,0.9364,0.6
14.41,0.9364,0.58
14.42,1.1605,0.6
14.42,1.1369,0.58
14.43,1.3025,0.58
14.44,1.1483,0.58
14.45,1.3025,0.58
14.46,0.7437,0.62
14.47,0.715,0.61
14.48,0.6409,0.63
14.49,0.7251,0.58
14.5,0.7259,0.61
14.51,0.8892,0.68
14.52,0.7259,0.62
14.53,0.4658,0.58
14.54,1.0059,0.6
14.54,1.0196,0.58
14.55,1.0196,0.58
14.56,1.0339,0.58
14.57,1.1165,0.62
14.58,1.1165,0.6
14.59,1.0126,0.58
14.6,1.1511,0.61
14.61,1.0126,0.59
14.62,1.0126,0.63
14.63,0.8429,0.59
14.64,0.8429,0.57
14.65,0.9593,0.62
14.66,1.0077,0.59
14.67,0.835,0.6
14.67,0.7079,0.6
14.68,0.8607,0.59
14.69,1.1135,0.6
14.7,0.8607,0.59
14.71,0.7896,0.57
14.72,0.9688,0.56
14.73,1.1796,0.6
14.74,1.1934,0.58
14.75,1.1828,0.63
14.76,1.1066,0.58
14.77,0.999,0.56
14.78,0.999,0.65
14.79,1.2294,0.55
14.79,0.9355,0.61
14.8,0.9355,0.6
14.81,0.9355,0.62
14.82,0.9492,0.58
14.83,1.0292,0.59
14.84,1.0704,0.58
14.85,1.3123,0.6
14.86,1.675,0.58
14.87,0.9925,0.6
14.88,0.8901,0.58
14.89,0.9808,0.6
14.9,1.072,0.6
14.91,1.0618,0.59
14.92,1.0618,0.58
14.92,1.0153,0.6
14.93,0.9673,0.63
14.94,0.8147,0.58
14.95,0.86,0.59
14.96,0.5797,0.61
14.97,0.7618,0.62
14.98,0.9999,0.59
14.99,1.1536,0.6
15.0,1.1183,0.6
15.01,1.17,0.58
15.02,1.0765,0.61
15.03,1.1667,0.6
15.04,1.1492,0.6
15.04,1.0651,0.6
15.05,0.9901,0.62
15.06,1.0141,0.6
15.07,0.8532,0.63
15.08,0.7282,0.59
15.09,0.7347,0.63
15.1,0.851,0.6
15.11,1.0323,0.61
15.12,0.7721,0.6
15.13,0.5797,0.59
15.14,0.741,0.57
15.15,1.109,0.58
15.16,1.0361,0.62
15.17,0.7695,0.6
15.17,0.9089,0.6
15.18,0.882,0.58
15.19,0.9844,0.6
15.2,0.7964,0.6
15.21,0.6882,0.58
15.22,0.7085,0.57
15.23,0.9119,0.6
15.24,1.0283,0.58
15.25,1.0509,0.6
15.26,1.08,0.59
15.27,1.2734,0.56
15.28,1.2158,0.58
15.29,1.1352,0.6
15.29,0.9454,0.62
15.3,0.756,0.57
15.31,0.7379,0.62
15.32,0.8535,0.6
15.33,0.7362,0.57
15.34,1.0524,0.6
15.35,0.9196,0.58
15.36,0.9196,0.63
15.37,0.8558,0.62
15.38,0.8558,0.61
15.39,0.8558,0.61
15.4,0.7764,0.59
15.41,0.9275,0.61
15.42,0.7764,0.54
15.42,0.7817,0.62
15.43,0.8144,0.6
15.44,0.6828,0.6
15.45,0.6184,0.61
15.46,0.8039,0.63
15.47,0.5771,0.58
15.48,0.7149,0.6
15.49,0.6404,0.61
15.5,0.709,0.58
15.51,0.709,0.58
15.52,0.9025,0.6
15.53,0.9025,0.56
15.54,0.943,0.62
15.54,0.9669,0.61
15.55,1.0259,0.56
15.56,0.943,0.59
15.57,0.8747,0.6
15.58,0.8086,0.6
15.59,0.8086,0.6
15.6,0.9237,0.61
15.61,0.9829,0.61
15.62,1.1769,0.57
15.63,0.9838,0.53
15.64,0.7496,0.58
15.65,0.7496,0.59
15.66,0.7339,0.59
15.67,0.8513,0.55
15.67,0.8328,0.63
15.68,0.8328,0.58
15.69,0.6914,0.6
15.7,0.7628,0.58
15.71,0.7628,0.61
15.72,0.911,0.61
15.73,0.9308,0.61
15.74,0.9839,0.62
15.75,0.9308,0.59
15.76,1.1016,0.59
15.77,1.1016,0.6
15.78,1.2197,0.62
15.79,1.0691,0.64
15.79,1.0055,0.62
15.8,0.7891,0.6
15.81,1.043,0.6
15.82,1.0055,0.63
15.83,1.043,0.57
15.84,0.9304,0.6
15.85,0.9304,0.59
15.86,0.7126,0.57
15.87,0.6532,0.6
15.88,0.6034,0.6
15.89,0.6034,0.6
15.9,0.5742,0.6
15.91,0.86,0.62
15.92,0.86,0.62
15.92,0.8393,0.6
15.93,0.8393,0.6
15.94,1.083,0.62
15.95,1.083,0.62
15.96,1.1783,0.59
15.97,0.9798,0.61
15.98,1.126,0.61
15.99,0.994,0.58
16.0,0.9045,0.62
16.01,1.1398,0.59
16.02,1.1587,0.61
16.03,1.1587,0.64
16.04,1.0193,0.6
16.04,1.0268,0.6
16.05,1.0268,0.61
16.06,0.8588,0.63
16.07,0.8303,0.58
16.08,0.8796,0.6
16.09,0.8796,0.56
16.1,0.7485,0.62
16.11,0.7485,0.59
16.12,0.8593,0.56
16.13,0.9638,0.63
16.14,0.8593,0.6
16.15,0.8593,0.58
16.16,0.6317,0.64
16.17,0.6701,0.59
16.17,0.5988,0.6
16.18,0.8925,0.6
16.19,1.0084,0.59
16.2,1.1624,0.6
16.21,0.9153,0.59
16.22,0.7661,0.58
16.23,0.8558,0.62
16.24,0.8924,0.61
16.25,0.9135,0.6
16.26,0.8924,0.62
16.27,0.8924,0.57
16.28,0.7868,0.59
16.29,0.8102,0.62
16.29,0.7868,0.58
16.3,1.1333,0.61
16.31,1.2094,0.6
16.32,1.3466,0.6
16.33,1.3466,0.6
16.34,1.1214,0.58
16.35,1.0356,0.58
16.36,0.8974,0.59
16.37,0.8974,0.59
16.38,1.2785,0.56
16.39,0.8617,0.58
16.4,0.7961,0.6
16.41,0.6452,0.62
16.42,0.7399,0.64
16.42,0.8113,0.6
16.43,0.8255,0.6
16.44,0.9782,0.59
16.45,0.9098,0.6
16.46,0.8172,0.63
16.47,0.8241,0.62
16.48,0.9684,0.59
16.49,1.0292,0.6
16.5,1.0599,0.6
16.51,1.0332,0.59
16.52,0.988,0.59
16.53,1.1347,0.6
16.54,1.2732,0.64
16.54,1.1219,0.62
16.55,0.8198,0.58
16.56,0.8198,0.62
16.57,0.9172,0.57
16.58,1.1271,0.58
16.59,0.8324,0.6
16.6,0.7309,0.56
16.61,0.7024,0.59
16.62,0.8772,0.59
16.63,0.8772,0.56
16.64,0.7141,0.55
16.65,0.4382,0.56
16.66,0.7292,0.6
16.67,0.9181,0.6
16.67,0.8733,0.58
16.68,0.8733,0.57
16.69,0.906,0.57
16.7,0.7288,0.63
16.71,0.9037,0.62
16.72,0.8893,0.61
16.73,0.8521,0.6
16.74,0.8893,0.62
16.75,1.1775,0.61
16.76,1.1775,0.58
16.77,1.1605,0.58
16.78,1.0878,0.58
16.79,1.1005,0.58
16.79,0.948,0.57
16.8,0.9031,0.62
16.81,0.9444,0.59
16.82,0.9231,0.61
16.83,0.9015,0.58
16.84,0.8886,0.6
16.85,0.7026,0.63
16.86,0.9657,0.62
16.87,0.9836,0.58
16.88,1.0731,0.64
16.89,1.0049,0.58
16.9,1.0731,0.63
16.91,1.4598,0.57
16.92,1.4598,0.59
16.92,0.8858,0.61
16.93,0.7876,0.6
16.94,0.7825,0.62
16.95,0.7317,0.64
16.96,0.892,0.62
16.97,0.9443,0.58
16.98,0.8468,0.6
16.99,0.8852,0.62
17.0,0.7559,0.6
17.01,0.7692,0.6
17.02,0.7626,0.59
17.03,0.8128,0.59
17.04,0.8128,0.62
17.04,0.993,0.63
17.05,1.1921,0.6
17.06,0.993,0.61
17.07,0.9118,0.58
17.08,0.8712,0.62
17.09,0.8147,0.68
17.1,0.8516,0.59
17.11,0.8516,0.66
17.12,0.6336,0.6
17.13,0.7033,0.61
17.14,0.5687,0.67
17.15,0.8926,0.61
17.16,0.877,0.6
17.17,0.877,0.61
17.17,0.877,0.6
17.18,0.8465,0.63
17.19,0.8131,0.58
17.2,0.8131,0.61
17.21,0.7112,0.62
17.22,0.6051,0.58
17.23,0.7489,0.6
17.24,0.7489,0.6
17.25,0.5458,0.59
17.26,0.8109,0.63
17.27,1.0753,0.64
17.28,1.0689,0.58
17.29,1.2005,0.66
17.29,0.8769,0.64
17.3,0.8769,0.58
17.31,0.62,0.65
17.32,0.62,0.58
17.33,0.6895,0.6
17.34,0.8983,0.58
17.35,0.9004,0.64
17.36,1.0263,0.56
17.37,1.08,0.6
17.38,1.0571,0.61
17.39,1.0149,0.58
17.4,0.9577,0.61
17.41,0.7122,0.59
17.42,0.8855,0.59
17.42,0.8647,0.59
17.43,0.8647,0.59
17.44,0.8651,0.56
17.45,0.9747,0.6
17.46,0.8585,0.56
17.47,0.6726,0.65
17.48,0.6726,0.56
17.49,0.8218,0.61
17.5,1.0459,0.62
17.51,1.1365,0.62
17.52,0.979,0.62
17.53,0.979,0.6
17.54,0.9538,0.58
17.54,0.9056,0.6
17.55,0.6719,0.64
17.56,0.8543,0.62
17.57,0.8201,0.63
17.58,0.8543,0.61
17.59,0.8201,0.59
17.6,0.8201,0.6
17.61,1.0957,0.58
17.62,1.0957,0.57
17.63,1.0519,0.61
17.64,0.843,0.63
17.65,0.843,0.58
17.66,0.7685,0.63
17.67,0.4003,0.58
17.67,0.4003,0.59
17.68,0.8265,0.6
17.69,0.9558,0.6
17.7,0.9096,0.59
17.71,0.7952,0.62
17.72,0.7952,0.6
17.73,0.7952,0.62
17.74,1.5373,0.64
17.75,1.3258,0.62
17.76,0.8373,0.58
17.77,0.8373,0.6
17.78,0.8373,0.6
17.79,0.9877,0.6
17.79,0.818,0.58
17.8,0.9015,0.62
17.81,0.8756,0.62
17.82,0.9055,0.65
17.83,0.8389,0.6
17.84,0.9343,0.6
17.85,0.8851,0.59
17.86,0.8743,0.64
17.87,0.8151,0.61
17.88,0.8743,0.59
17.89,0.9513,0.61
17.9,0.8967,0.6
17.91,0.9915,0.61
17.92,0.9915,0.59
17.92,0.9149,0.62
17.93,0.6587,0.62
17.94,0.7836,0.62
17.95,0.9556,0.56
17.96,1.082,0.64
17.97,1.082,0.6
17.98,0.9642,0.6
17.99,0.9642,0.6
18.0,1.1323,0.6
18.01,1.1007,0.6
18.02,1.0346,0.59
18.03,0.9237,0.63
18.04,0.7821,0.57
18.04,0.9237,0.57
18.05,0.9374,0.63
18.06,0.9374,0.62
18.07,0.9448,0.6
18.08,1.1379,0.6
18.09,1.1379,0.62
18.1,1.1835,0.59
18.11,0.9343,0.61
18.12,0.9279,0.58
18.13,0.9704,0.6
18.14,0.9704,0.6
18.15,0.756,0.6
18.16,0.756,0.62
18.17,0.9344,0.58
18.17,0.7713,0.59
18.18,0.9344,0.6
18.19,0.8618,0.59
18.2,0.8181,0.62
18.21,0.8618,0.61
18.22,0.9387,0.59
18.23,0.9387,0.63
18.24,0.8009,0.65
18.25,0.7564,0.58
18.26,0.7593,0.65
18.27,0.7593,0.59
18.28,0.9595,0.58
18.29,0.7856,0.58
18.29,0.7984,0.58
18.3,0.8272,0.62
18.31,0.8272,0.61
18.32,0.8347,0.65
18.33,0.9916,0.58
18.34,0.9034,0.61
18.35,0.8799,0.6
18.36,0.8156,0.63
18.37,0.8308,0.63
18.38,0.8288,0.65
18.39,0.9907,0.63
18.4,0.9907,0.63
18.41,0.9794,0.6
18.42,1.0347,0.62
18.42,1.0143,0.6
18.43,1.0621,0.61
18.44,1.0621,0.64
18.45,1.0515,0.63
18.46,0.7247,0.59
18.47,0.6931,0.62
18.48,0.5144,0.65
18.49,0.4851,0.62
18.5,0.8077,0.62
18.51,0.8297,0.59
18.52,0.9358,0.6
18.53,0.9306,0.6
18.54,0.9306,0.61
18.54,0.9306,0.61
18.55,0.8665,0.62
18.56,0.7428,0.62
18.57,0.6965,0.56
18.58,0.6228,0.58
18.59,0.6228,0.65
18.6,1.0671,0.61
18.61,1.1858,0.58
18.62,1.1149,0.58
18.63,1.0214,0.62
18.64,1.0158,0.62
18.65,0.79,0.62
18.66,0.8924,0.62
18.67,1.0233,0.62
18.67,1.0233,0.6
18.68,0.8905,0.63
18.69,0.8905,0.59
18.7,0.8905,0.64
18.71,0.9448,0.6
18.72,0.782,0.6
18.73,0.6141,0.6
18.74,0.5606,0.59
18.75,0.6426,0.61
18.76,0.4976,0.6
18.77,0.6848,0.59
18.78,0.626,0.6
18.79,0.739,0.62
18.79,0.8372,0.62
18.8,0.8506,0.62
18.81,0.8506,0.63
18.82,0.7344,0.64
18.83,0.7344,0.58
18.84,1.2552,0.61
18.85,1.2836,0.59
18.86,0.8823,0.66
18.87,0.8823,0.6
18.88,0.6911,0.62
18.89,0.8683,0.65
18.9,0.9762,0.59
18.91,1.0007,0.62
18.92,0.9473,0.65
18.92,1.0076,0.62
18.93,0.9473,0.59
18.94,0.7555,0.61
18.95,0.6989,0.62
18.96,0.6989,0.62
18.97,0.7715,0.59
18.98,0.7715,0.57
18.99,0.7985,0.63
19.0,0.7694,0.57
19.01,0.971,0.58
19.02,0.971,0.58
19.03,0.8452,0.63
19.04,0.9075,0.62
19.04,0.8452,0.61
19.05,0.9504,0.6
19.06,1.0391,0.62
19.07,1.3416,0.62
19.08,1.2583,0.62
19.09,1.2072,0.64
19.1,0.8491,0.6
19.11,0.737,0.62
19.12,0.8462,0.6
19.13,0.8449,0.61
19.14,0.8449,0.61
19.15,0.8449,0.59
19.16,0.8018,0.59
19.17,0.979,0.63
19.17,0.7001,0.62
19.18,0.7609,0.59
19.19,0.9155,0.63
19.2,0.9155,0.62
19.21,0.8908,0.59
19.22,0.8357,0.59
19.23,0.7168,0.6
19.24,0.7884,0.59
19.25,0.8418,0.63
19.26,1.0244,0.62
19.27,1.0349,0.6
19.28,1.0244,0.63
19.29,1.0097,0.62
19.29,1.0738,0.65
19.3,0.8745,0.62
19.31,1.0996,0.62
19.32,1.1174,0.65
19.33,0.8773,0.62
19.34,0.8744,0.58
19.35,1.0735,0.64
19.36,1.0735,0.62
19.37,0.6776,0.6
19.38,0.7532,0.63
19.39,0.6978,0.65
19.4,0.6978,0.61
19.41,0.6978,0.58
19.42,0.7166,0.62
19.42,0.8866,0.58
19.43,0.9621,0.63
19.44,0.8866,0.6
19.45,0.9579,0.64
19.46,0.9583,0.65
19.47,0.9579,0.6
19.48,0.903,0.61
19.49,0.77,0.61
19.5,0.7693,0.64
19.51,0.6413,0.62
19.52,0.6413,0.6
19.53,0.7306,0.61
19.54,1.1082,0.66
19.54,1.043,0.6
19.55,1.0427,0.61
19.56,0.8478,0.58
19.57,0.8944,0.66
19.58,1.1035,0.65
19.59,1.4007,0.6
19.6,1.1557,0.6
19.61,0.7948,0.6
19.62,0.7985,0.63
19.63,0.7463,0.6
19.64,0.8037,0.62
19.65,0.8037,0.59
19.66,0.9658,0.64
19.67,0.8037,0.59
19.67,0.9494,0.62
19.68,0.7557,0.6
19.69,0.8454,0.61
19.7,0.6757,0.62
19.71,0.7557,0.6
19.72,0.8842,0.63
19.73,0.8549,0.62
19.74,0.8549,0.6
19.75,1.0216,0.56
19.76,1.0916,0.6
19.77,1.0716,0.61
19.78,1.0539,0.58
19.79,0.9822,0.58
19.79,0.972,0.63
19.8,0.972,0.6
19.81,0.8259,0.58
19.82,0.8259,0.61
19.83,0.9219,0.62
19.84,0.6494,0.62
19.85,0.8884,0.67
19.86,0.5897,0.62
19.87,0.8759,0.6
19.88,0.9266,0.6
19.89,0.9294,0.58
19.9,0.9908,0.6
19.91,0.8738,0.61
19.92,0.8459,0.61
19.92,0.7267,0.62
19.93,0.6744,0.61
19.94,0.8811,0.6
19.95,0.6744,0.6
19.96,0.4831,0.6
19.97,0.6815,0.62
19.98,0.8016,0.61
19.99,0.8726,0.61
20.0,0.8726,0.62
20.01,0.9402,0.6
20.02,0.7904,0.6
20.03,0.8809,0.61
20.04,0.6979,0.61
20.04,0.6979,0.61
20.05,0.5839,0.58
20.06,0.6071,0.65
20.07,0.3113,0.6
20.08,0.5499,0.6
20.09,0.5585,0.65
20.1,0.7593,0.65
20.11,0.9791,0.64
20.12,0.7935,0.59
20.13,0.8017,0.62
20.14,0.7935,0.64
20.15,0.8466,0.58
20.16,0.9216,0.64
20.17,0.9216,0.65
20.17,0.9459,0.59
20.18,0.8459,0.6
20.19,1.0153,0.64
20.2,0.944,0.61
20.21,0.784,0.61
20.22,0.7738,0.59
20.23,0.7154,0.63
20.24,0.7974,0.62
20.25,0.8,0.63
20.26,0.8,0.62
20.27,0.9535,0.63
20.28,0.8761,0.6
20.29,0.8261,0.6
20.29,0.8761,0.58
20.3,1.0583,0.64
20.31,1.0583,0.62
20.32,1.2184,0.6
20.33,0.8073,0.65
20.34,0.7806,0.63
20.35,0.5808,0.6
20.36,0.8353,0.62
20.37,0.8973,0.61
20.38,1.3592,0.61
20.39,1.5573,0.62
20.4,1.396,0.6
20.41,0.7333,0.59
20.42,0.919,0.63
20.42,1.0436,0.64
20.43,1.0436,0.61
20.44,1.0577,0.6
20.45,0.7927,0.62
20.46,0.8211,0.64
20.47,0.6662,0.65
20.48,0.6482,0.61
20.49,0.6662,0.61
20.5,0.7791,0.62
20.51,0.7791,0.62
20.52,0.7791,0.62
20.53,0.7794,0.6
20.54,0.9337,0.64
20.54,0.7794,0.64
20.55,0.7376,0.6
20.56,0.7376,0.62
20.57,0.7376,0.62
20.58,0.6589,0.61
20.59,0.8823,0.61
20.6,0.7628,0.59
20.61,0.762,0.58
20.62,0.762,0.59
20.63,0.7409,0.59
20.64,0.7695,0.62
20.65,0.8853,0.58
20.66,1.0366,0.6
20.67,1.1629,0.65
20.67,0.55,0.63
20.68,0.55,0.61
20.69,0.3291,0.62
20.7,0.4176,0.61
20.71,0.4176,0.6
20.72,0.4697,0.62
20.73,0.4697,0.63
20.74,0.9119,0.6
20.75,1.1695,0.6
20.76,1.1997,0.65
20.77,1.1732,0.61
20.78,1.1997,0.62
20.79,1.0814,0.63
20.79,1.0814,0.62
20.8,0.6796,0.62
20.81,0.7961,0.61
20.82,0.822,0.65
20.83,0.7726,0.6
20.84,0.7726,0.59
20.85,0.6597,0.67
20.86,0.7726,0.63
20.87,0.6597,0.63
20.88,0.6943,0.6
20.89,0.6943,0.62
20.9,0.7079,0.64
20.91,0.9946,0.63
20.92,0.7183,0.64
20.92,0.7183,0.62
20.93,1.1223,0.6
20.94,0.9479,0.58
20.95,0.8593,0.58
20.96,0.7291,0.62
20.97,0.7794,0.62
20.98,0.8282,0.62
20.99,1.0909,0.62
21.0,1.2116,0.6
21.01,1.2116,0.62
21.02,1.0204,0.61
21.03,0.9139,0.59
21.04,0.6714,0.62
21.04,0.6556,0.59
21.05,0.7271,0.63
21.06,0.9122,0.62
21.07,1.007,0.65
21.08,1.007,0.6
21.09,1.0443,0.6
21.1,0.9619,0.67
21.11,0.8669,0.62
21.12,0.4995,0.6
21.13,0.4608,0.58
21.14,0.6004,0.59
21.15,0.7252,0.62
21.16,1.0645,0.58
21.17,0.7872,0.6
21.17,0.6873,0.6
21.18,0.4362,0.58
21.19,0.4475,0.6
21.2,0.6153,0.63
21.21,0.5095,0.65
21.22,0.5095,0.65
21.23,0.5305,0.59
21.24,0.7281,0.63
21.25,0.787,0.64
21.26,0.787,0.58
21.27,0.787,0.62
21.28,0.9055,0.62
21.29,0.7115,0.6
21.29,0.9754,0.6
21.3,0.7948,0.64
21.31,0.7948,0.62
21.32,0.6965,0.66
21.33,0.6702,0.65
21.34,0.6107,0.61
21.35,0.6702,0.62
21.36,0.8905,0.61
21.37,0.8142,0.62
21.38,0.8142,0.64
21.39,0.8142,0.62
21.4,0.9041,0.6
21.41,0.9297,0.57
21.42,0.9694,0.6
21.42,1.2714,0.62
21.43,1.4033,0.57
21.44,1.1088,0.64
21.45,0.7981,0.6
21.46,0.7272,0.59
21.47,0.584,0.64
21.48,0.584,0.64
21.49,0.6048,0.64
21.5,0.7694,0.62
21.51,1.1346,0.62
21.52,0.9187,0.62
21.53,0.7708,0.65
21.54,0.7232,0.6
21.54,0.7232,0.67
21.55,0.7232,0.61
21.56,0.7232,0.59
21.57,0.9476,0.59
21.58,0.8732,0.63
21.59,0.9098,0.6
21.6,0.8702,0.6
21.61,0.9098,0.62
21.62,1.1404,0.6
21.63,1.1405,0.63
21.64,1.1405,0.6
21.65,1.063,0.6
21.66,1.0434,0.56
21.67,0.8851,0.65
21.67,0.9139,0.57
21.68,1.0434,0.6
21.69,1.2966,0.61
21.7,1.1626,0.64
21.71,1.1626,0.62
21.72,1.0214,0.6
21.73,1.1112,0.61
21.74,1.1396,0.61
21.75,0.9154,0.64
21.76,0.8536,0.59
21.77,0.7314,0.6
21.78,0.8536,0.58
21.79,1.0203,0.6
21.79,0.7384,0.6
21.8,0.8367,0.64
21.81,0.6111,0.65
21.82,1.0244,0.63
21.83,1.036,0.61
21.84,1.036,0.6
21.85,0.6767,0.64
21.86,0.674,0.6
21.87,0.9296,0.61
21.88,1.0217,0.63
21.89,1.0217,0.62
21.9,1.0278,0.58
21.91,0.8481,0.61
21.92,0.9342,0.64
21.92,0.7972,0.62
21.93,0.7972,0.64
21.94,0.7641,0.6
21.95,0.8909,0.6
21.96,0.9088,0.6
21.97,1.001,0.58
21.98,0.8854,0.59
21.99,0.8854,0.63
22.0,0.8854,0.62
22.01,0.9133,0.59
22.02,0.8623,0.62
22.03,0.6991,0.62
22.04,0.6991,0.64
22.04,0.7094,0.58
22.05,0.7094,0.59
22.06,0.742,0.62
22.07,0.7227,0.62
22.08,0.7227,0.6
22.09,0.8115,0.59
22.1,0.8115,0.61
22.11,0.8129,0.61
22.12,0.7819,0.62
22.13,0.572,0.62
22.14,0.4821,0.59
22.15,0.4682,0.6
22.16,0.5101,0.6
22.17,0.5101,0.61
22.17,1.0028,0.65
22.18,1.1286,0.6
22.19,0.866,0.63
22.2,0.5935,0.62
22.21,0.5935,0.6
22.22,0.6765,0.62
22.23,0.7109,0.66
22.24,0.6765,0.65
22.25,0.643,0.65
22.26,0.6255,0.64
22.27,0.6255,0.67
22.28,0.5421,0.63
22.29,0.5379,0.6
22.29,0.6241,0.6
22.3,0.77,0.65
22.31,1.0662,0.62
22.32,1.1114,0.6
22.33,1.1909,0.63
22.34,0.8862,0.64
22.35,0.8862,0.62
22.36,0.8862,0.55
22.37,0.9703,0.61
22.38,0.9703,0.61
22.39,0.9816,0.63
22.4,1.0779,0.65
22.41,0.7808,0.62
22.42,0.7541,0.65
22.42,0.7587,0.65
22.43,0.7587,0.6
22.44,0.9217,0.59
22.45,0.8055,0.62
22.46,1.1865,0.6
22.47,1.2462,0.66
22.48,1.2462,0.62
22.49,1.1987,0.59
22.5,1.0876,0.6
22.51,0.6639,0.6
22.52,0.6639,0.64
22.53,0.7116,0.62
22.54,0.8205,0.6
22.54,1.0399,0.6
22.55,0.9389,0.59
22.56,0.8,0.64
22.57,0.6394,0.58
22.58,0.8497,0.61
22.59,0.6298,0.6
22.6,0.6993,0.64
22.61,0.6993,0.61
22.62,1.0004,0.58
22.63,1.0004,0.65
22.64,1.0785,0.62
22.65,0.7338,0.65
22.66,0.7042,0.66
22.67,0.5975,0.62
22.67,1.0514,0.63
22.68,1.0514,0.59
22.69,0.9925,0.65
22.7,1.0514,0.63
22.71,1.0848,0.65
22.72,1.0848,0.62
22.73,1.0091,0.65
22.74,0.8181,0.6
22.75,0.9785,0.64
22.76,0.9231,0.61
22.77,1.0872,0.62
22.78,1.0872,0.61
22.79,0.8367,0.62
22.79,0.8169,0.59
22.8,0.8017,0.62
22.81,0.8017,0.65
22.82,0.7519,0.62
22.83,0.6408,0.61
22.84,0.6408,0.63
22.85,0.4684,0.65
22.86,0.7117,0.65
22.87,0.7117,0.65
22.88,0.7117,0.6
22.89,0.7512,0.6
22.9,1.1021,0.61
22.91,1.1021,0.6
22.92,1.1816,0.62
22.92,0.9632,0.62
22.93,0.7952,0.61
22.94,0.6773,0.62
22.95,0.7608,0.61
22.96,0.9726,0.6
22.97,0.9922,0.59
22.98,1.0433,0.62
22.99,0.9999,0.61
23.0,0.5717,0.64
23.01,0.636,0.64
23.02,0.5904,0.62
23.03,0.8025,0.64
23.04,0.8025,0.63
23.04,0.8313,0.63
23.05,0.8313,0.63
23.06,0.8313,0.62
23.07,0.9577,0.62
23.08,0.7452,0.6
23.09,0.7452,0.6
23.1,0.8024,0.62
23.11,0.7198,0.6
23.12,0.8024,0.61
23.13,1.0191,0.6
23.14,0.9308,0.6
23.15,1.2294,0.65
23.16,1.1661,0.6
23.17,1.1661,0.64
23.17,0.9163,0.62
23.18,0.7948,0.61
23.19,0.7723,0.63
23.2,1.1,0.63
23.21,0.8777,0.62
23.22,0.8771,0.68
23.23,0.8025,0.6
23.24,0.7859,0.64
23.25,0.5842,0.62
23.26,0.4492,0.6
23.27,0.4492,0.62
23.28,0.4151,0.6
23.29,0.4492,0.62
23.29,0.8999,0.62
23.3,0.9198,0.62
23.31,0.954,0.6
23.32,0.9145,0.61
23.33,0.954,0.62
23.34,0.9524,0.6
23.35,0.5131,0.58
23.36,0.815,0.6
23.37,0.5747,0.62
23.38,0.6846,0.61
23.39,0.6178,0.62
23.4,0.6308,0.65
23.41,0.8002,0.64
23.42,1.0664,0.62
23.42,0.8953,0.66
23.43,0.9081,0.65
23.44,0.8435,0.62
23.45,0.6263,0.63
23.46,0.6125,0.64
23.47,0.3993,0.62
23.48,0.5443,0.62
23.49,0.5811,0.62
23.5,0.7536,0.6
23.51,0.841,0.61
23.52,0.901,0.63
23.53,0.841,0.6
23.54,0.8059,0.62
23.54,0.7162,0.6
23.55,0.7194,0.61
23.56,0.942,0.62
23.57,1.0092,0.65
23.58,1.0533,0.58
23.59,1.0178,0.61
23.6,1.0178,0.6
23.61,0.8983,0.62
23.62,0.4935,0.65
23.63,0.5396,0.66
23.64,0.6026,0.58
23.65,0.7161,0.62
23.66,0.9476,0.66
23.67,0.9476,0.64
23.67,0.8228,0.63
23.68,0.8444,0.64
23.69,0.8228,0.63
23.7,0.6181,0.6
23.71,0.6346,0.65
23.72,0.8365,0.63
23.73,1.0004,0.67
23.74,1.0737,0.63
23.75,1.0737,0.65
23.76,0.7707,0.65
23.77,0.7395,0.6
23.78,0.6615,0.62
23.79,0.7919,0.65
23.79,0.818,0.58
23.8,0.818,0.59
23.81,0.8377,0.62
23.82,0.9719,0.61
23.83,0.7276,0.63
23.84,0.9719,0.6
23.85,1.1234,0.65
23.86,0.8725,0.65
23.87,0.7111,0.64
23.88,0.8725,0.62
23.89,0.561,0.57
23.9,0.5696,0.64
23.91,0.8466,0.62
23.92,0.7669,0.62
23.92,0.7162,0.62
23.93,0.5214,0.62
23.94,0.4333,0.62
23.95,0.4825,0.64
23.96,0.6074,0.62
23.97,0.8344,0.64
23.98,1.0617,0.63
23.99,1.0277,0.58
24.0,0.9963,0.61
24.01,0.8908,0.62
24.02,0.7493,0.6
24.03,0.9539,0.59
24.04,0.8117,0.6
24.04,0.681,0.62
24.05,0.6018,0.64
24.06,0.5426,0.64
24.07,0.5426,0.61
24.08,0.5702,0.61
24.09,0.5938,0.59
24.1,0.613,0.62
24.11,0.613,0.6
24.12,0.7885,0.6
24.13,0.9449,0.59
24.14,1.1333,0.6
24.15,1.1333,0.65
24.16,1.0476,0.62
24.17,0.791,0.61
24.17,0.7618,0.68
24.18,0.5974,0.61
24.19,0.5974,0.61
24.2,0.7024,0.6
24.21,0.7024,0.6
24.22,0.7057,0.66
24.23,0.7529,0.59
24.24,0.7529,0.62
24.25,0.9062,0.62
24.26,0.7606,0.62
24.27,0.7606,0.58
24.28,0.867,0.61
24.29,0.6512,0.6
24.29,0.6512,0.6
24.3,0.654,0.64
24.31,0.7366,0.62
24.32,0.8849,0.6
24.33,0.9277,0.62
24.34,0.9565,0.65
24.35,0.9441,0.6
24.36,0.9302,0.62
24.37,0.9439,0.62
24.38,0.9441,0.62
24.39,0.9582,0.63
24.4,0.9012,0.6
24.41,0.6215,0.59
24.42,0.5558,0.59
24.42,0.6215,0.61
24.43,0.6465,0.62
24.44,0.6946,0.61
24.45,0.8931,0.63
24.46,0.9363,0.62
24.47,0.914,0.65
24.48,0.8815,0.65
24.49,1.0041,0.56
24.5,0.8815,0.64
24.51,0.9666,0.61
24.52,0.7775,0.6
24.53,0.7775,0.65
24.54,0.6528,0.64
24.54,0.7748,0.66
24.55,1.0073,0.66
24.56,0.8679,0.65
24.57,0.8517,0.62
24.58,0.7577,0.63
24.59,0.5467,0.65
24.6,0.4823,0.64
24.61,0.4823,0.62
24.62,0.4343,0.62
24.63,0.7042,0.62
24.64,0.7092,0.6
24.65,0.8803,0.62
24.66,0.7092,0.6
24.67,0.8803,0.65
24.67,0.6331,0.64
24.68,0.8049,0.59
24.69,0.8253,0.65
24.7,0.8253,0.6
24.71,0.705,0.6
24.72,0.6096,0.64
24.73,0.6173,0.62
24.74,0.7388,0.64
24.75,1.0074,0.63
24.76,1.0074,0.63
24.77,0.7904,0.64
24.78,0.7904,0.65
24.79,0.7904,0.62
24.79,0.9885,0.61
24.8,0.9307,0.64
24.81,1.1209,0.6
24.82,0.8725,0.63
24.83,0.7233,0.62
24.84,0.6892,0.62
24.85,0.5922,0.62
24.86,0.5922,0.61
24.87,0.6892,0.62
24.88,1.0091,0.64
24.89,1.1888,0.67
24.9,1.0091,0.65
24.91,0.9436,0.6
24.92,0.7997,0.62
24.92,0.6875,0.62
24.93,0.6522,0.6
24.94,0.8438,0.64
24.95,0.8197,0.62
24.96,0.8197,0.65
24.97,0.8858,0.65
24.98,0.8149,0.65
24.99,0.8927,0.61
25.0,0.8927,0.62
