index,1,2,3,4,5,6,7,8,9,10,11,12,13,14,15,16
0,0.4771589541521443,-0.4190940374222443,-0.48312547860652233,-0.43070987717401854,-0.549776545054465,-0.5546148892917804,-0.4745250385367622,-0.5134169755843948,-0.5731795544810069,-0.5178337335611279,-0.5177038363203489,-0.5173929571558784,-0.4672791736607683,-0.4824629745345639,-0.5425724904723448,-0.5509771865973471
1,0.4005248666232155,-0.28836312488938454,-0.48187385592517745,-0.3633933899764098,-0.5773747555077083,-0.5662376922724796,-0.4740816603663512,-0.5130521927655963,-0.5745641800749084,-0.5179494557089203,-0.5171285345862914,-0.5164962491108573,-0.49968051613896486,-0.48286427926718933,-0.5414052913910755,-0.5510467959779309
2,0.5431530815827551,-0.39035097450828926,-0.4825118542327517,-0.40558070417419073,-0.539161853540997,-0.5348749127831697,-0.475739237722467,-0.5122129555873098,-0.5747297959150786,-0.5182490060797257,-0.5170092440448046,-0.5156549060524308,-0.537487177753872,-0.4828506955225172,-0.5405992043647395,-0.550889737800003
3,-0.20644997795193934,0.4153070873021975,-0.33090097907590216,-0.3196443140199818,-0.5118018713323677,-0.5434946625784944,-0.41681060187193136,-0.5099752670768161,-0.5634756065071022,-0.521950833243115,-0.5167514798263599,-0.5325771809989569,-0.4918345787471426,-0.4872639709276986,-0.5482012214245532,-0.5569246558832941
4,-0.12216624165782382,0.43944627303759803,-0.15010856813554652,-0.2714055082133751,-0.16996550688305967,-0.033349851999050314,-0.24393082297239743,-0.3576393731329889,-0.3622372017236891,-0.3463637836023378,-0.3985153647790584,-0.3485221481845597,-0.34658214717423114,-0.3395831902980046,-0.3823284959954227,-0.3157820328094632
5,-0.19940987727895962,0.20654275843901562,-0.4030701427325736,-0.31653859748901475,-0.5709816507241102,-0.4318608515064434,-0.4078737340678051,-0.5184673684889919,-0.5809226544941409,-0.46556210225839506,-0.5120823337715478,-0.5133665578289006,-0.48533933185351397,-0.47655749166580097,-0.5429928845012252,-0.5539042891563478
6,-0.36216351015051446,-0.3720182287346872,0.41168330265864134,-0.41888052859153174,-0.5485182036277975,-0.4007697160945664,-0.39300188031224026,-0.4171448963944387,-0.4957774855060014,-0.49753543256085486,-0.4620343299768177,-0.5240568509876029,-0.36023415950998156,-0.49373264593981897,-0.509753456486977,-0.5655674097459249
7,-0.3339416672184565,-0.4294207929682931,0.3921336738572088,-0.3984468703017466,-0.4162674303127321,-0.4180064845728519,-0.3467563925124547,-0.3625939030615698,-0.41490053135572724,-0.36536405435907626,-0.44732370766033397,-0.530611315278281,-0.31290718013714824,-0.4951278373825391,-0.5511822295887381,-0.5595576250452361
8,-0.22458809353438688,-0.37330147858161356,0.4897660571201413,-0.27296049719924453,-0.40997799209214936,-0.4053632199287792,-0.35911627412063224,-0.36192372419311386,-0.5644482938824059,-0.3906060075718144,-0.3992436173973438,-0.524279569342677,-0.4978358274859927,-0.4792309225596323,-0.5010086867496107,-0.5547648142079008
9,-0.484195130687013,-0.3906386397582245,-0.41036944188967633,0.7438273825279984,-0.5750014451461837,-0.5349080501383844,-0.46166317763777026,-0.3872985095024819,-0.5754122219991294,-0.5237527951234454,-0.5217017873684112,-0.5250976603002832,-0.46998340416039946,-0.4853555000119436,-0.5465047675253881,-0.5608786506054947
10,-0.47703750394467237,-0.36181899923238425,-0.4080952981878597,0.6432921247837801,-0.5478760607358578,-0.43509893743967804,-0.3790557199568832,-0.3648837720029418,-0.5507921062479079,-0.5195676280035552,-0.5198775487321412,-0.4957242139643428,-0.4594004057262765,-0.48536612014409847,-0.5466976100255188,-0.5759859462713479
11,-0.508791620159857,-0.3639286620196219,-0.3851571722452093,0.7636961196052008,-0.5771016530273637,-0.42072444780529433,-0.4459488015688134,-0.2867238807564334,-0.5530900597319917,-0.5197155646430133,-0.5198224722501975,-0.5208145406606166,-0.4708409294908029,-0.48534159733708876,-0.5481083061021379,-0.5590124330854389
12,-0.48351552337467374,-0.45275890985929884,-0.4607692868714975,-0.33993809881286546,0.4547583509455417,-0.4590623378628631,-0.46549408024605043,-0.5092946727819205,-0.5542222979259838,-0.5097617371428866,-0.5243129653136118,-0.5258948483217945,-0.4489644540951219,-0.4903197983923798,-0.5489518344753449,-0.5599405421078388
13,-0.5013211075520781,-0.3360965087653331,-0.4786431831055397,-0.3438023385767214,0.3689586348402981,-0.422050817584755,-0.4737649037417631,-0.5081278081153793,-0.5758936054037705,-0.5191109017561323,-0.518327834495167,-0.5240047841796809,-0.3689849812748222,-0.4845410650061244,-0.546145976815401,-0.5567050272540991
14,-0.4892816589395597,-0.45204908177345166,-0.4777393102761987,-0.37848596920806854,0.3746159316369633,-0.44254746457858046,-0.4702164471141133,-0.5106826358614421,-0.5730352804302189,-0.5113033050465695,-0.5145189263126198,-0.523606719576717,-0.3762044583327177,-0.48084399084648666,-0.5419929261501026,-0.5559666927851213
15,-0.3034944824552589,-0.380094558131067,-0.352693898093828,-0.34382906554890824,-0.3984804546296305,-0.09997403313067757,-0.3614639112746564,-0.3613020024467416,-0.39292383739559705,-0.38459506925209314,-0.3957833608574357,-0.3198176616890426,-0.3166835168650744,-0.33778861128894766,-0.3735916593189994,-0.5342320075725532
16,-0.42789832265997907,-0.04101805928391743,-0.11689505867166254,-0.0940712962360957,-0.5608869598125221,-0.3730090284894612,-0.045293690911345094,-0.05361040214724893,-0.5743677037618048,-0.11755514154700672,-0.1541127813700727,-0.03004921077815621,-0.46522023429999054,-0.07722678184551428,-0.05421943743911359,-0.10338765320222597
17,-0.40506506256872915,0.43683353102206685,0.26702025541730323,0.029346921278074384,-0.44991585026946757,0.36705033497255274,0.363727601226754,0.10259699313750316,-0.4247055085232796,0.6851247677972154,0.4533707440565546,-0.02800890805586508,-0.39535154341676887,0.19390122144240604,0.28718934521316913,-0.10496884642426642
18,-0.3434670111645109,-0.3883656540418667,-0.35637633789510864,-0.3569800584868072,-0.3326131398625746,-0.3808407173098327,-0.03308501958573788,-0.31803394486541886,-0.438139108760404,-0.3994235604511923,-0.3797677325024084,-0.32517608567191136,-0.44725304059667037,-0.35692465480329927,-0.327491890517687,-0.48720569615378967
19,-0.30183723282419417,-0.3875445976431278,-0.3847465159188128,-0.39480695260706644,-0.40857506258852244,-0.41227196785922976,-0.05519964367907763,-0.43917081732077373,-0.5110556702825491,-0.40857336999162525,-0.4538112725094579,-0.432625496548761,-0.46027425644317854,-0.419616142414832,-0.5015627894470873,-0.5595244989224087
20,-0.3163731592499034,-0.4053832832994098,-0.2622107450061767,-0.40654330945678885,-0.17219574534106538,-0.18930868036243828,-0.009108519134667802,-0.3076205201729591,-0.3614846167834851,-0.261403339680804,-0.15354747676497763,-0.3218950969278097,-0.2825255038037672,-0.40100587261588316,-0.33710143578899976,-0.4162926895685866
21,-0.48432414317136385,-0.38324514454323844,-0.3522607940419896,-0.40350256480938457,-0.5102368690652875,-0.4062918222589195,-0.37181246511395627,0.48245004453327134,-0.4997727898308413,-0.3893797673817195,-0.39563092554971674,-0.3823385570467982,-0.4178649987167942,-0.48529863607534995,-0.5159213709353532,-0.5529608977870504
22,-0.5043806303178788,-0.3606707810141275,-0.34816932385484456,-0.3425359223993842,-0.41484525907156017,-0.41381385370968454,-0.34338403733101586,0.43358407224507844,-0.5398905432552659,-0.4702745542972997,-0.4618862178918655,-0.43273623244079634,-0.4690113263770517,-0.4832924072845432,-0.5379415263469024,-0.5406662032605044
23,-0.5044123910004061,-0.3444855758188957,-0.3776396489644136,-0.3551454592760398,-0.46603822046982296,-0.44105265194722504,-0.3782101235532507,0.4060972030202943,-0.48857200385803595,-0.4152960895985237,-0.4145926292345199,-0.34944112757415025,-0.5068554525576179,-0.48657408471324926,-0.5469373521763159,-0.553266436306076
24,-0.5068434798610832,-0.4274339516397213,-0.48943587051968657,-0.3720207080208935,-0.48294288324553775,-0.47261267646172445,-0.4518066891857052,-0.4752319448787481,0.3209884440538124,-0.4701844074730122,-0.5180556094314847,-0.5206831396039275,-0.45003968965537555,-0.4828913085801153,-0.5430050007011856,-0.5544848335447623
25,-0.5074815311074053,-0.49538828731336243,-0.4873614187887701,-0.3879594624095729,-0.5506441413840726,-0.5298069623316322,-0.46524738614459155,-0.502235323588489,0.1742974912598753,-0.4918136924576317,-0.5176871061552453,-0.5190524451374785,-0.23692616464566285,-0.47426610149580695,-0.5434385582988561,-0.5546620831685888
26,-0.5064972577742052,-0.40608309029959655,-0.4870954387636648,-0.3643489156496482,-0.4119211328165621,-0.4312722133801282,-0.4551820169076092,-0.5030525703697548,0.26394814946604417,-0.40867605103066434,-0.5005099877003103,-0.5201773948413488,-0.33060388070240065,-0.46227513743229504,-0.5473280127453303,-0.5543086732133122
27,-0.4036399587535363,-0.1868553432513681,-0.11689224592710078,-0.25408249321919835,-0.4858577432079053,0.5048967816925538,0.1494158952192887,-0.2064277376004241,-0.1794940491820325,0.5594475732957754,0.4523089114768009,-0.19492801006151247,-0.2506676685756976,1.1376221355669691,0.42967211443426506,-0.3308178272458652
28,-0.49788083665519317,-0.35011141594306405,-0.3646260812586843,-0.27094848141555683,-0.586024029161225,-0.24897505433488576,-0.2657657501863406,-0.3612601521222279,0.2936994664117222,-0.35968295054296395,-0.2761897434821299,-0.3587691838246723,0.08131159519572352,-0.34764716531072737,-0.2177388146075324,-0.3310866835161251
29,-0.5026498300370917,-0.3637683584821543,-0.3665540286322121,-0.40913976347854875,-0.17197241355068804,-0.39750482186457,-0.37135818718002667,-0.49999853713145737,0.6696691395142675,-0.18787519658359408,-0.5065028777794607,-0.3597453184315685,0.4155288382760452,-0.48045937977655406,-0.38350381935873595,-0.33095322889455614
30,-0.3152358177564862,-0.4654541950645694,-0.4631000023225291,-0.3185236502787726,-0.16835328179832587,-0.44176104696189145,-0.4330663627310968,-0.4834192144308323,-0.2704586802478842,-0.31325046463342004,-9.00042371729659e-05,-0.48674319295274887,-0.24203332659225388,-0.3127472088309992,-0.2922079887913416,-0.5527758943619836
31,-0.43612384240843144,-0.3750929826738639,-0.3714775613237303,-0.3455849910617509,-0.3692527544881669,-0.40875324642289973,-0.36281225899767766,-0.3842543900418554,-0.41300556215088535,-0.3981650614349869,0.08611474036984296,-0.3624552359834215,-0.4651074116440329,-0.4238690925362063,-0.4371479496006363,-0.4327917156396938
32,-0.28060482660851627,-0.36584218782450323,-0.2836112612164513,-0.33681979955073477,-0.35313532560181515,-0.3896529016210989,-0.36013365218335985,-0.3154913951112795,-0.39099212166766023,-0.3894476354627311,-0.03634550531185053,-0.2559793097215078,-0.3383161159817931,-0.31606024485194795,-0.3349355635214297,-0.3963088923145816
33,-0.5032130544371962,-0.51797125515738,-0.2419746847884498,-0.33970296022507585,-0.5865248461689103,-0.40339523274921796,-0.058214435862741505,0.10359936320621461,-0.48782250947655004,-0.4477399880263894,0.03598446828626565,-0.23160728744795805,-0.44206915434631516,-0.34997052549830826,-0.05918320675505713,0.36028514750883983
34,-0.5040433461059113,-0.50616608732877,-0.11688861834774299,0.04842701645389813,-0.44988517315939525,-0.40246717694288375,-0.057601215368049234,0.2605095438939437,-0.4983736970859579,-0.2505500133571756,0.2244242962761843,0.19830121305054438,-0.36646222546497526,-0.2143827046035053,0.10409092449700308,0.33570219847743993
35,-0.50471025484733,-0.49518384007415933,-0.24184611090903835,-0.18083214976440182,-0.586140031386242,-0.4020610367039275,-0.16221986139664965,0.10169249688495738,-0.593431414759488,-0.24956942499102697,0.08916887065789172,-0.08646211362186383,-0.3840997638546768,-0.349353125408397,-0.05894550929863857,0.3427042317527151
36,-0.5057860218767919,-0.45364058302700716,-0.48782896320441127,-0.3842414312314026,-0.574637890106557,-0.470832917518363,-0.47487672424745464,-0.5187579751111987,-0.47188299121350047,-0.4579215651014965,-0.51011157766004,-0.4899246013038618,0.36031363136850825,-0.3989736378545728,-0.546172679943298,-0.5536902020537934
37,-0.5061339022928653,-0.5168239763951284,-0.4889153635391758,-0.37525854201714925,-0.5612475955816805,-0.554234028825365,-0.4742097204795201,-0.5158894818963207,-0.5365262488518708,-0.5167471808619379,-0.5152470037059752,-0.495279143039523,0.2933948915292817,-0.3009015866177341,-0.5465314738237027,-0.5507590116932414
38,-0.5065304293896572,-0.514181317479364,-0.4892316579536097,-0.3989798368528363,-0.5873372807070334,-0.5510736461085064,-0.4727815281430438,-0.5140281995616433,-0.5483139603370986,-0.4350548435820128,-0.5125606895063279,-0.49894629378048855,0.3377307511425362,-0.40947755118691703,-0.5465275526557488,-0.5502968143022359
39,-0.5039562855070346,-0.36849408741001877,-0.36445347310183285,-0.3387884545098273,-0.4899437216260295,-0.5118752320316924,-0.3725256071829444,-0.48903269193085713,-0.38575857981050576,-0.11818354988353533,-0.47655660921027304,-0.3568934233208081,-0.12612694027712862,0.06986843949763816,-0.31106595411619675,-0.3359575557920419
40,-0.5040238095850472,-0.4936792635447895,-0.40733522372671394,-0.37694161484200356,-0.3740912760588416,-0.3312031151613199,-0.33092893400503476,-0.3995180131163649,-0.33247244695760664,-0.03399073767009049,-0.27398470282179,-0.39564872644792803,-0.29599501838967335,0.26363141466879786,-0.30424165914820883,-0.5480450675279678
41,-0.4391396020314606,-0.3537697885723691,-0.42563977480136633,-0.39071093922420663,-0.5333078281456449,-0.3845425793435348,-0.35948754897372887,-0.47049199555918364,-0.4462285494833292,-0.3551077455043464,-0.3784164626669948,-0.49276673093578277,-0.4217542600495341,-0.048793633530544896,-0.38870271740638207,-0.46783267433023973
42,-0.48648321389915317,-0.3833397218678464,-0.46629525790120385,-0.3197965232011542,-0.3790246393874451,-0.41985843516752275,-0.36677760519098435,-0.45872203348651064,-0.3983514611020723,-0.3544477134249464,-0.40581050722585443,-0.34920464936191925,-0.3631925050718763,-0.3419275422110229,0.1941428571859065,-0.47188127967674703
43,-0.5039932567623047,-0.4665952889529422,-0.4889448351570569,-0.39614743310217904,-0.4769636203728767,-0.5080627903453686,-0.43230178071571523,-0.45241238154882457,-0.49605730129349385,-0.4113958405796213,-0.4119257710615752,-0.4469473313080648,-0.4417220220199307,-0.35084829875202767,0.1886260573906282,-0.42945049563813315
44,-0.5041814739448355,-0.33167677660180706,-0.35025300852507973,-0.3505004567559926,-0.35991858745057514,-0.4059693817870514,-0.3683446096275607,-0.36237912496061153,-0.42994355028508774,-0.41503301224279504,-0.4231736676542895,-0.334494503520873,-0.3557752797299918,-0.36540353689314486,0.08400830987410199,-0.2500880313303753
45,-0.5047799970700729,-0.3848882573280041,-0.46374725964465124,-0.3578632668471296,-0.4829437822938708,-0.4045403379925325,-0.35802841566933036,-0.3961075691933197,-0.4127956014471329,-0.37636676578517697,-0.4117396610072079,-0.32282853480782403,-0.3850745925035584,-0.3582816462376552,-0.38932666268140403,1.046641051348738
46,-0.5056671589427818,-0.3917149500616118,-0.4871937377155355,-0.3422931096284298,-0.571292878288902,-0.4151488492704013,-0.3723192498209937,-0.3977282830452275,-0.4087805062945889,-0.39601288587748035,-0.36729696429776826,-0.3409422832741982,-0.36503322080853423,-0.4752507408039774,-0.38002708994725876,0.9575416342409364
47,-0.5053370991347432,-0.42952459976923296,-0.4870318619389928,-0.35217871295156994,-0.5185647417281224,-0.46001722012337926,-0.33566109893449886,-0.33021948052839906,-0.3861992786087486,-0.34481956054077084,-0.3583039112772246,-0.29376320581450105,-0.4654856934411993,-0.44788481112233836,-0.39535430071826927,0.9355849163416036
48,3.115780115242987,-0.3576971171099612,-0.4802743727362039,-0.38455953710218027,0.059159732385138025,-0.41879127481893225,-0.4666430277109476,-0.34970207455588004,-0.37883850349103365,-0.5059306201432909,-0.5082017539042603,-0.5085253986031233,-0.14125405816695494,-0.47624753651974794,-0.5347517968371599,-0.5384560479339456
49,2.523644352526968,-0.3233642051783052,-0.3615107155883277,-0.38582482149417313,0.3371322028794299,-0.3776767947277861,-0.35364962376838044,-0.44293667574209217,-0.16241151472887172,-0.4396053147993149,-0.3871795156542879,-0.5082392270751731,-0.09890367891707183,-0.4766744559669776,-0.5350560156672411,-0.5390330579724049
50,2.2136380510769094,-0.3041604040823695,-0.36119840035741796,-0.37061742351656674,0.32628912882984273,-0.3506210584391277,-0.36490316333561856,-0.4204161438496186,-0.3977654141277269,-0.37374390834684024,-0.38725765130668827,-0.5060017903745789,-0.3219776409485421,-0.47744085998510616,-0.37487981026757566,-0.5403303737657924
51,0.10662630834939965,1.7488286514320042,-0.3359030083751632,-0.2407473828468179,0.09002057801143477,-0.08234925600025707,-0.37704035548135667,-0.3776530364917913,0.10809918701873862,-0.4186591890136237,-0.43975066658582324,-0.3482841350345316,-0.06383703307578813,-0.32291077420448105,-0.5357293159220294,-0.31708318561328847
52,-0.23918865418348106,2.028612281981679,0.1515655489820722,-0.24705374554989265,-0.31580654372541034,0.21327720132047273,0.029024812030054078,-0.3617033418295254,-0.47174178808422057,-0.10901935055284813,-0.1289692519873541,-0.3307115198801574,-0.3525935312959075,-0.22589730424307344,-0.2510720564115916,-0.428228580491458
53,-0.43369187665498754,2.056533487007626,-0.13798056804804665,-0.12337916450321078,-0.4929679377183227,-0.08920607851734111,-0.2410091618684026,-0.24119393914291126,-0.5408823051576286,-0.3069719725297251,-0.28403184979636725,-0.3300158351282877,-0.485928012877953,-0.331118201952593,-0.3498792126391555,-0.2870056074031683
54,-0.29769681141028587,-0.1985592800304811,1.7324194673969835,-0.3446027939392026,-0.36891668365700114,-0.43519643200586156,-0.18202963442818434,-0.3439429161429161,-0.3637123551551845,-0.422548040639411,-0.4205277238468554,-0.3428119670366086,-0.5020483325648772,-0.37321123722791244,-0.38875351795921326,-0.5460653680360018
55,0.1008540676123901,-0.18714185794383903,1.8199504857160183,-0.326638302149522,-0.3484383302827635,-0.2913159080023567,-0.035906285814184875,-0.3583043109630238,-0.32425540059559244,-0.36879518960192254,-0.36239996229070826,-0.49600853239125253,-0.27454804759289875,-0.3414355328416489,-0.4889290299557643,-0.5072008067799931
56,-0.3203177610401818,-0.35644566445155934,1.835878887858106,-0.3364636437967957,-0.39627074130615086,-0.4118092044415196,-0.17880049663042344,-0.3348884388392362,-0.43978802239442916,-0.3775141078904334,-0.39026493034355064,-0.48530437268749915,-0.5251322979691484,-0.4043110827491795,-0.2937623550890403,-0.5277275211652045
57,-0.34331977763894217,-0.3942640650080515,-0.31976114585026927,2.223428783219887,-0.40283540880363705,-0.33128937111603624,-0.33937680082326704,-0.05497684952734045,-0.5230658280132285,-0.47247457357770234,-0.46517179375881523,-0.48345102767879594,-0.488068774915832,-0.4718923066689467,-0.5373275194156083,-0.5429449362114835
58,0.25304405281845016,-0.4649733372417879,-0.22535368284494856,2.5213140887697234,-0.18664646431941653,-0.5277074211811897,-0.3662183046346397,0.3069408185251296,-0.3523864618394475,-0.4847318545483686,-0.5083810327986353,-0.2980605124953147,-0.35342500939086263,-0.44796383877541324,-0.5372187121638582,-0.5392668510871141
59,-0.49929119275061445,-0.3711258647449199,-0.3191049976878211,2.4570959125108924,-0.501336339922924,-0.3906327284016121,-0.355717228915165,-0.12468853107698794,-0.49405651429447817,-0.480285658472379,-0.47277539001030455,-0.3929637058912536,-0.42863196451278845,-0.38946836504804705,-0.5142870503925275,-0.5286357387913971
60,-0.5002569858766424,-0.4788678251643131,-0.486516573507083,-0.36214011833984766,3.2101230423882092,-0.5261477247800858,-0.45884600329527386,-0.46232607883543136,-0.5347040626069214,-0.47573656349152776,-0.507482817316613,-0.5069866622925315,-0.5205019810891176,-0.4774957375519183,-0.5370596881898846,-0.5415810986101923
61,-0.5018953062329883,-0.4519093542446833,-0.4866334043267121,-0.4428306919615799,2.9124545796057784,-0.5448595490513938,-0.4238876764737612,-0.49464876719705825,-0.5607352846686191,-0.5163728948600901,-0.5067031021320041,-0.46222817830760426,-0.36307870069549897,-0.47723391527401615,-0.5372845819740114,-0.5419839003446852
62,-0.49888723372174,-0.33692556350273195,-0.3616345529114269,-0.3792526355727545,2.394310693317601,-0.3618818036477374,-0.3633429399286906,-0.4399444349304812,-0.370516072853766,-0.4298817098420812,-0.3862550987448946,-0.47383781834492267,-0.37150353626295235,-0.3419053258915417,-0.37482014815434656,-0.5415274483786654
63,-0.2795879707342954,0.019351205645608882,-0.09773167583827645,-0.10395592084633161,0.11355616069109624,1.286242378354523,-0.22083105538678505,-0.16741554880646659,0.5439623030039564,-0.38554574977669887,-0.22377708930403784,-0.1690764674401389,0.13124499389938657,-0.2752518103291976,-0.21093233056664074,-0.09139367824347384
64,0.07126233632619353,-0.3568430927926518,-0.3607962255433854,-0.44731689176566874,0.8548110216249021,1.132367133417486,-0.4072401111644216,-0.5065543582232295,0.7128612044949085,-0.1022307569247968,-0.42502612979612614,-0.4938657952569988,0.24456488934993773,-0.37702156132307874,-0.5149650872284127,-0.3164040085036611
65,-0.3096107810365515,0.12235988368799376,0.11112439143370564,-0.11326757475602428,-0.5303385952801127,1.422024342433033,0.06621154252759623,-0.03634110917101387,-0.47617801556000794,-0.0666273828932385,-0.012919078111506856,-0.021076528254212166,-0.5026822976884373,0.017247516070674547,-0.06896856863064996,-0.1319363079134601
66,0.07117285484138006,-0.4710881534401297,-0.2790219797687332,-0.36747356477416054,0.041112012143276006,-0.3886880236121564,1.2237551635201556,-0.391763523791038,-0.1625115264082107,-0.42896382146148726,-0.11769779825793608,-0.3404717911141164,-0.3622639360250548,-0.4600617319612648,-0.36822408909739834,-0.5109317893614846
67,-0.5029700354673907,-0.36327840056358107,-0.36567051094350983,-0.32959534963997844,-0.1675994353587143,-0.3544517331710628,1.1731230512458866,-0.3439514490246694,0.040000129043259,-0.3351706098676873,-0.011186976917363051,-0.32591316347559823,-0.15305550883521898,-0.4745104029294527,-0.41884736527425886,-0.41699879293268516
68,-0.12086302189228308,0.15994007550309508,0.40985156799088185,0.2455612927914746,-0.3707583104276602,0.3190760643350467,1.2332532044813054,0.45396335314849073,-0.5236231285829424,0.19810238997003501,0.4838191212892316,0.28820188170771327,-0.39603982810634486,0.038726832862825376,0.25332761596615266,0.14408540510558554
69,-0.47201347327214127,-0.3873973152675403,-0.34444238016617973,-0.3750274736180853,-0.5237007159323346,-0.40242523161827276,-0.3784918242926903,2.312634412015395,-0.49049981453351,-0.4029315671848104,-0.4110884465118971,-0.170834409480606,-0.4102212471742693,-0.41635828750930354,-0.42419192478992673,-0.38391430286382316
70,-0.4911085603266201,-0.36896892421410027,-0.29688351121660067,-0.4086408538623565,-0.541835081336216,-0.4039770291146269,-0.35649585525838384,2.235931430117306,-0.47985015284563737,-0.3930035437993968,-0.40332623387493105,-0.1127071994994827,-0.41667592694038263,-0.45724285590188873,-0.48120621828687876,-0.44983142363144524
71,-0.5019651137383112,-0.3442094256721326,-0.29079295823519635,-0.3040868683367344,-0.476462661162183,-0.3533538779093996,-0.34057262821709605,1.7200923982862508,-0.3902617307949867,-0.3551149873068057,-0.311793248777271,-0.08134516619998383,-0.473975642173028,-0.48519213113798954,-0.5372797715127253,-0.33294512830721845
72,-0.5025420409804597,-0.4904284965528393,-0.41764292357210775,-0.3668306997876941,-0.5809627827005798,-0.4629793425096171,-0.41149108763639464,-0.40946068870522856,1.5606458975785447,-0.42372826541314296,-0.42284588855480154,-0.46386070948666525,-0.18271938427619444,-0.38210574074049614,-0.4362099840115887,-0.23602855557944738
73,-0.5021981757027045,-0.40023740811723424,-0.41502304679840085,-0.3727167441139662,-0.5724056482309914,-0.34339639176598874,-0.40216355922354563,-0.5479799126925947,2.2428133290067707,-0.3443785863848089,-0.4268084358492719,-0.31952329138874797,-0.003282501204148459,-0.2693111288146699,-0.3822218017075562,-0.36258431615605746
74,-0.49834789827193526,-0.3887148001489845,-0.41452224832650675,-0.38110652970133063,-0.5063273618319456,-0.3678812258152158,-0.4202851967511446,-0.4150771160983864,2.4983481539282115,-0.4340065060216773,-0.3627384671094406,-0.45680328991993363,-0.10571639002213322,-0.31149119567303946,-0.42298125844770246,-0.2553765125063942
75,-0.30718714615098613,-0.1776504996581539,-0.1216746194222848,-0.2773577711397091,-0.37230027683464206,0.23098274781965797,0.01857380163016395,-0.13794334637453626,-0.42145784728320457,1.3746812877297752,0.10428628576230528,-0.058519017220608156,-0.4334303889448622,0.21688750139860266,0.11650237605455663,-0.23617570757143636
76,-0.11978566969624654,-0.029806186669592154,0.037875497774865,-0.22027039503540008,-0.16371761894166917,0.5444762434164123,0.220909621301787,-0.029234149461203937,-0.3590674935134889,1.5108906136488107,0.4135522138247392,0.007233145346745947,-0.3185403079067708,0.8374034786776136,0.40304550741639744,-0.24038498000576636
77,-0.3297665201851931,-0.41039230652335607,-0.34129816068042634,-0.3855092833053087,-0.3030807766670677,-0.42437124943376026,-0.3762183179599774,-0.38133996426864203,-0.31067173094466644,0.8918241746098099,-0.41775230245007183,-0.3448567350972705,-0.30089455756668987,-0.11405027159459036,-0.3660849219513329,-0.2636496258818873
78,-0.31172509603419213,-0.2138519956160204,-0.09921967226864535,-0.19799149819467848,-0.3710515855954568,-0.06316957628410773,-0.08040678765586451,-0.016193176044253247,-0.5747118850943086,-0.23221549987435675,0.8050138316697855,-0.0041108482312497115,-0.4581443566599552,-0.14015295481403228,-0.014792279560227075,0.017419386390036658
79,-0.31131983528763874,-0.47214995142851146,-0.47121830832566175,-0.35854643027982364,-0.16485796302616526,-0.5444527096745596,-0.3798693626636545,-0.4314306197381602,0.03556647856497475,-0.3968708509308713,0.7991930664673947,-0.3645820334038906,0.025801726405637326,-0.3053066577907117,-0.14833956970871154,-0.4605893639482163
80,-0.3110298673737604,-0.09453462248555625,-0.06398748663538273,-0.10403673580946018,-0.3698376283412663,0.049012948467702516,-0.052375955258817365,0.06254041119538954,-0.5277293291440648,0.03800815130757394,0.9181226189914403,0.21567126155673727,-0.4461598813240915,-0.03365189574443049,0.02898721200202273,0.1096313027988406
81,-0.5014099956171298,-0.4368400867797798,-0.4726701764994621,-0.3787352364313578,-0.37264408283591277,-0.519543591008703,-0.44229870170003655,-0.45792981521616366,-0.2680963392830473,-0.44651347508771144,-0.3963188406000436,1.8924181906308892,-0.2309551150207414,-0.4705841374460261,-0.37428915228407256,-0.06930960654043818
82,-0.3211994145375668,-0.5029198752897135,-0.4659143076594703,-0.3946488700434564,-0.567471435109971,-0.5238670497276534,-0.3798822200907246,-0.36663640812834797,-0.3289235148869401,-0.5010051516604597,-0.29583560780710483,2.2226497004495425,-0.3163631157777657,-0.4478351234520934,-0.3956298193074193,0.12678151760720568
83,-0.3212878058701782,-0.4810334234101869,-0.48627102021245,-0.39282913565005,-0.5787929877869805,-0.5312032969775666,-0.3798658482997903,-0.34265823299424436,-0.30947234832077114,-0.5084366527668787,-0.2973651115300522,2.153546706414784,-0.2819429065773313,-0.4529175784775398,-0.3952937109101076,0.1435998996792206
84,-0.5029475646937525,-0.5372345510983968,-0.4857297048713371,-0.3950283812351838,-0.5793602603662994,-0.4479429400126146,-0.4664423834330888,-0.5451785326307076,-0.43986903212917705,-0.2817032764655861,-0.491190227202722,-0.56849081087481,2.470786926457463,-0.020757979923198683,-0.38741186824296947,-0.3614845580906863
85,-0.5032701481762911,-0.4460583872445382,-0.4862636492347843,-0.3742291956690406,-0.5594579003524467,-0.5241222088491672,-0.4265956296542889,-0.43431380313345286,-0.4788460632786624,-0.4964196886444151,-0.48454543047669557,-0.4233228111035407,1.5062490675595637,-0.459223090833572,-0.5331717767438013,-0.45610399286100134
86,-0.503292628176012,-0.5021185092578176,-0.4865463961455027,-0.3497628461911308,-0.5808718539513772,-0.5020110431572307,-0.4673952560930157,-0.4918061961620581,-0.5811755784698681,-0.46291705791409693,-0.5059406119199281,-0.4685883581212593,1.4394312548972819,-0.39588025990344067,-0.5433287750468395,-0.2879990139628219
87,-0.32019533651128534,-0.3953632021602559,-0.4814980795201809,-0.37963897775664895,-0.373844683769308,-0.5375041736161464,-0.3572233678771114,-0.5197186729436822,0.6519220362001794,-0.3695708356036398,-0.5069540713127209,-0.5028481106693584,1.0178566185490066,1.4578189125183463,-0.43359302731328,-0.28657704494283825
88,-0.387524632923085,-0.39849715976363503,-0.31481272344351985,-0.32043942432563793,-0.2980087732767726,-0.41356874651099196,-0.3391789363883977,-0.3363343205443405,-0.3871155891683464,-0.40036762974977896,-0.42774713309954626,-0.3147742900800106,-0.23340568112747065,1.180232977321959,-0.3926583613827009,-0.36473054551043266
89,-0.3856028177088685,-0.400901985785364,-0.3573492283486597,-0.3836289564084039,-0.36832423865979247,-0.3959250693122127,-0.37435217084319805,-0.3971385578096,-0.40394091978709534,-0.3876454085871502,-0.4028498698123867,-0.35422612730147657,-0.18490683928606064,1.400399478301051,-0.36793291824482727,-0.30791427335805144
90,-0.5002180720064844,-0.5477180600942141,-0.4730316627959698,-0.4321686484027522,-0.3679453527240859,-0.33970977730293017,-0.31172373209307885,-0.5115561697325022,-0.3875011864193857,-0.0625607971150732,-0.041088832105512514,-0.3230658573317726,-0.598453338405989,0.2605494470072232,1.727641189199534,-0.46226536667561713
91,-0.28667458652899375,-0.425141525124304,-0.3156385306689706,-0.3394469058698061,-0.41096689046518126,-0.42915906800397713,-0.38157561282964164,-0.32079509988219557,-0.44187812778554675,-0.42091048900128336,-0.4110836937739026,-0.36062895319656657,-0.3913628817086163,-0.30078793374992485,1.4284643304777471,-0.34226241326107054
92,-0.5033630270115075,-0.4093761889796935,-0.41004551054733934,-0.38160828218781784,-0.3851339212683926,-0.4236842570914585,-0.375427223394519,-0.38328975994077724,-0.4499502410074878,-0.4366080660796183,-0.43859714465021,-0.36725534970946033,-0.3987074091686524,-0.3154225441098234,1.35166339678712,-0.36312940814119127
93,-0.5032434434869212,-0.3821696316753441,-0.4859602641001084,-0.3422124945079714,-0.5361360813876972,-0.4221736051636585,-0.3888702649660853,-0.36879061010413977,-0.4092713127988732,-0.3719853922494112,-0.38609070300460147,-0.2913371599264918,-0.33370696840944125,-0.36891328184740996,-0.3847996156789923,2.641615146243029
94,-0.5031086902861331,-0.35196355710842336,-0.47937279739500005,-0.3388763378328687,-0.4582091395415783,-0.41862532062387076,-0.3718422819759883,-0.3456875992978476,-0.4199064842929777,-0.41912349463246706,-0.4045795986634238,-0.33925573371929263,-0.3996174053298312,-0.37327468662005187,-0.2887176551304286,2.593928097059316
95,-0.5029561433868445,-0.4278289210561825,-0.48664845125519535,-0.3149500861585944,-0.5787072068161143,-0.43936313310762565,-0.3857770410692265,-0.41442621789115736,-0.49328932857291197,-0.3539158188559012,-0.4034863904332325,-0.2770649244962323,-0.4503216469881825,-0.3408210808554379,-0.2489544350588054,3.090543355202531
96,6.051664332336582,-0.2240023451546072,-0.3287661384307185,-0.39375784667718106,-0.5503443136159937,-0.41321013322751704,-0.4606169769524485,-0.5094386031459759,-0.3997612132385725,-0.43243192616038906,-0.5033480891546512,-0.5014820471369745,-0.27315276530506666,-0.4696843436223618,-0.5242439478543822,-0.5304511946984621
97,4.512428514137108,0.06393307404850204,-0.19967384552085324,-0.29181348482122477,-0.3285262635780553,-0.1135723878329258,-0.1537995104066635,-0.35347189451158556,-0.3244296156472747,-0.2164536597798433,-0.2014502687910275,-0.3431131525786045,-0.5171079386867216,-0.3266947861469226,-0.2984161294724044,-0.5351663291421966
98,4.641495965144686,0.11546444884625949,-0.2111798057741223,-0.35781673620585136,-0.41032170480491165,0.0011471401596760168,-0.15793888503640457,-0.4552448010096197,-0.5575320839156308,-0.17629633089506022,-0.24003561622612582,-0.47844258977527504,-0.4472258977613816,-0.2256078788151978,-0.28874070150822106,-0.5205074544670192
99,1.0050766454991706,4.946825754295603,3.372816540464909,1.2549616125506438,0.48276119876746126,2.7519448751679705,2.1622860107145114,1.1345766373301331,-0.046329672218135574,1.125918751689426,1.587370604848961,0.6895027943972224,-0.28355758307153583,0.5266403993932612,1.180241106893382,0.3094702018337319
100,0.2372930573084204,1.8044792879042426,0.24101755268231181,-0.0167153575470999,-0.09885849416837707,0.3475058390142886,0.07821731472497193,-0.20013566929960797,-0.3016313614080218,-0.023023427857079174,-0.05653936850847475,-0.28387845978240633,-0.46285751556134214,-0.2379608038554824,-0.22633139981651593,-0.2949462562268742
101,0.37675673545749894,1.7313193431644298,0.3578521191330319,-0.008619754774966808,-0.08621732967441183,0.2641366040503069,0.1119144176751259,-0.014361967609598897,-0.33563425109051703,-0.06045005398152661,0.011825014425894688,-0.17747822816726938,-0.4830149660105856,-0.1754767086728371,-0.185775884928656,-0.2836102426860732
102,-0.11329534364157402,0.7925181256393192,3.117649920004693,0.33560038945119697,-0.09105121370836668,0.5890302709202361,0.4070388305311996,0.14167555416327834,-0.14963762549416657,0.14927420452051524,0.1329283918130444,0.10735645848981952,-0.5618044384358593,-0.06090290541916266,0.037279133979318084,-0.044111702333753396
103,3.009890458948424,1.129760464354537,2.398996459000166,0.38403404268606994,2.5850029726455697,0.7616418627236239,0.34382747886641174,0.2250153507112543,1.5743242173849192,0.25012233956786845,0.24611447456091817,0.123989820822883,0.5123033636606869,0.0020082504195861146,0.2597263395088591,0.0450544040411566
104,0.2323476400134507,5.913807065267171,7.2001180962377935,7.240758095522212,0.042124803601099374,5.4045404376241475,7.369550864785195,6.993511424459657,-0.17254328878176622,3.1530699804198528,5.481858669615161,4.773833172315809,-0.3540631471809526,1.7168249245909346,4.060225971404067,3.5484626218934117
105,-0.2537634101029759,0.7565523711682967,1.7038498573670013,5.758326298999248,-0.35746470776365635,0.6128828604173828,0.8491112028231049,1.4442209294258423,-0.5655874342654734,0.23733259825128375,0.5329178119796502,0.7555640787067248,-0.5208752553542352,0.2155712586087077,0.3160501287557165,0.3756315110815715
106,1.4210117700951233,0.05757772174275666,0.2624705640798345,3.5011398885799982,1.091230723112678,0.13911001327949093,0.049291355472114204,-0.2780872557164551,0.28495240538785743,-0.09718068103748811,-0.061579655460748985,-0.16181928447337068,-0.12446722733956242,-0.24286081447500057,-0.13730008245831268,0.008359664683947492
107,0.8161167066172238,0.29782793625979004,0.3799661260977446,1.7258835925817988,0.6832227113047403,0.2065410715085037,0.04624739671764922,-0.3372295863170159,-0.031883990782459806,-0.11299618357024988,-0.018614268053036738,-0.19308686943382292,-0.25619725702540797,-0.20354134109045183,-0.03329818342851001,-0.04875064577024469
108,-0.09289248050742827,-0.05929277093061975,-0.18925150059313603,-0.2980718138346678,5.361897727216723,-0.31255066897686445,-0.2300948456407775,-0.23260207994152504,0.6059224272503019,-0.34303321193861885,-0.23927192745501963,-0.21765531120736123,-0.27114206476654135,-0.30390311547569604,-0.24767397864054355,-0.2526086201765257
109,0.1368746176150467,0.11805491338299007,-0.23586839973257018,-0.24127174548697422,4.364106880918436,0.8618325658878925,-0.10568414943657653,-0.18451222094195494,-0.12301660506722198,0.7581408075038059,-0.08037808329298632,-0.16519087635020688,-0.3664393557868107,0.4436979340326718,-0.1266359188762271,-0.21966787386355555
110,0.18766021312865955,-0.2001620106700853,-0.2253724443320431,-0.27954459977058577,4.561578438622777,-0.09910117111974746,-0.23670856794521591,-0.30937743778635973,-0.05505782924466839,-0.2449095330154952,-0.25861008283324444,-0.2861279617904417,0.08360333611731474,-0.3373983419288821,-0.3586331070421591,-0.25191767201427123
111,1.007379117735982,-0.195348802023381,-0.21410742682604852,-0.31465497829776473,1.45081755433455,1.9526232976797784,-0.2687294428736302,-0.3437331443635316,0.8989195727855999,-0.3671294507136215,-0.23161807654215566,-0.3436034417249586,0.6106245949432894,-0.3348745166481132,-0.3792352832202167,-0.3120948551999462
112,0.39853129879588145,3.504646267671893,3.0406864838303584,1.8540262538781138,0.19617915792746912,5.412416707183959,3.5251827005073872,2.785315507416577,-0.140797325819398,4.199609960077884,3.9009704909558214,2.801752072010286,-0.30130066268797434,3.3335540099747467,3.734869599597232,2.66303850248048
113,0.5816433539924533,5.639683478276221,4.8309882266897795,1.7427517141125728,0.40238774222287577,6.461114303185098,5.933432657876552,2.9624567304647003,-0.14167590890449408,7.701813845393747,6.1255554232581515,2.6685729704176193,-0.13119799005744626,4.8440306477384025,5.0551630151667695,1.58417612011544
114,2.225088651648829,0.6028419636902113,0.29543013525694894,0.08516014118368817,1.0501737080956752,0.5091915752826187,2.957238709641647,0.6151812195071631,1.2435960551086331,0.1556545761054752,0.7587733489517423,0.5249370528742899,0.7407408247834296,-0.0024523322489703376,-0.0030374329792993513,0.16113157552431973
115,1.1835298000421097,0.608096510963136,0.28596002746667065,0.10188995495712722,0.22711905354546869,0.6479359368390085,1.6378210488543592,0.2521547872727244,2.2495692806383185,0.32894441360123583,0.31878333704292544,0.1675330504383037,1.290794941910841,0.08512625915543041,0.2588387108101481,0.3234294854206093
116,0.9840340502505664,0.11288316218699933,0.14858798113970634,-0.0009062162363164502,0.9524336759946731,0.21373887944475092,1.3048273461869397,-0.008501574253502786,0.3497685384218129,0.029104660087418174,-0.154572909506582,-0.17041061833738,-0.15790034328042793,-0.07277914172716442,-0.06540714283054389,-0.0922648002478944
117,-0.24515990285026718,0.14359153873521643,0.7593981097818183,1.0413457373642578,-0.2918267828788493,0.23721577789580342,0.6548744164231695,3.6593596657067646,-0.6229347853774853,0.17002315695989426,0.6213150147281579,1.3267482413345495,-0.5211547610087318,0.26586159781248386,0.6183573681146871,1.2717485055864663
118,0.6566204981621258,-0.1606235178924734,0.04450631890871525,0.0833426850771242,1.102068008596445,0.00013922402850919784,0.07114161695186152,2.5257823914245927,0.49546656031194125,-0.19766427158725658,-0.07018295520264525,-0.2107330647009522,0.07443958427425001,-0.3358153542038349,-0.18569762380062887,0.05519931074237372
119,0.08619711382833241,0.2795934372918141,-0.09635986138257072,-0.025318856108283518,0.28137335878356795,0.36409807676542155,0.24647251869433726,4.462795267467802,-0.11660956625775067,-0.016089027333578188,0.23499478168072177,0.8483784358320818,-0.32094109894881995,-0.0349986453383049,-0.11133681236367723,0.16519599620885667
120,-0.4644539811786427,-0.19264493710415442,-0.3180768587023434,-0.35427481437281483,-0.3813080786844757,-0.2254818051409057,-0.28706092237385483,-0.3671149034760696,3.9072771220495617,-0.42192208009412496,-0.2893273592433984,-0.2650368636681573,0.19427764190647206,-0.45269403997846075,-0.31607225180476856,-0.3926050875673102
121,-0.30225122142290745,-0.48549322576800197,-0.3893504432151004,-0.34247156826817043,0.33272106251933853,-0.3674175253444831,-0.39825834792740855,-0.3532932932643677,4.058328347052353,-0.41098858683921613,-0.4617221645216617,-0.4173881582532525,1.1658200518867978,-0.38735777350852285,-0.5134312301475321,-0.3834022303045955
122,-0.2861702944950686,-0.07548166094693916,-0.21999346656989482,-0.29197021572590104,-0.32332054046744857,0.21073006625254553,-0.08301307559621134,-0.12019659791723501,3.7251427089368194,0.5505323420465769,0.16924271359667437,-0.06383742456546566,-0.13581520322208415,0.5055352336803909,0.18632323450634936,-0.4061765979390544
123,-0.0092338653456154,0.07720846069485485,-0.2721021110082542,-0.175527506409131,2.1450162418478596,-0.18295502306045752,-0.3101079385366456,-0.2524948354523785,5.631191526163175,2.7640272471799787,-0.19182033884217442,-0.26828711779179315,4.252395680272308,0.2276990239373944,-0.1785760994273952,-0.003686603202251073
124,-0.31183622188671045,1.1050773145011625,0.7860622720827989,0.5543854444475799,-0.20376456154321407,0.9290594560086068,0.8182933933485513,0.9039548393727627,0.06764528642387499,2.5279209280694044,0.776507453819628,1.1389429713675943,-0.11114718760202627,-0.06438226879262711,1.0302402028736821,1.2804614318102048
125,1.2594556796758498,0.12244510984595441,0.04576018392926058,-0.19738367473067372,2.7929164599820115,0.5365882062441515,0.10210495885945989,-0.05818993310915111,1.8461643412109299,1.9562901708536504,0.23874553391299766,-0.04251955448604633,1.67225317027728,0.1785299000860708,0.3540863708443933,0.010405298097251605
126,0.863170632440503,0.05986880163932391,-0.051748750127341966,-0.11498633862643363,-0.1522481725262625,0.1065384406083387,0.10658924371403934,0.04624702124522414,2.0298730743167606,0.23245946922854235,2.857118382536265,0.21324146897635143,1.4863287064470134,-0.04664776995121993,0.21273496426053268,0.1677800775472344
127,-0.05937430347131129,0.011036947655088692,-0.20396096923452406,-0.2629565275091368,1.1257512268307992,0.005567881255687261,-0.03491957421394277,-0.03319155863788286,2.8625499208081067,0.1173228775687632,2.717623188195971,-0.017212088476447666,2.058762835848256,-0.06069784843944817,0.14425655597772083,-0.061815964572394556
128,-0.0037902963228673902,0.9253586817513993,1.161023023551894,0.7424113195786042,0.010848740447512316,1.7144283043664055,1.643789749159838,1.6322457104892,-0.13140928490541792,1.7292243521584767,4.171571183484726,2.478836962116227,-0.24660047083155656,1.4632157707978153,2.4021138630346064,2.361035967706752
129,-0.5006288181105741,0.12275188074642211,0.28580156539940144,0.5976732583288398,-0.4870226257342303,0.3663025731478319,0.1651315591212597,0.3483867323037068,-0.5034932761947949,0.215378678079,-0.16326648201177152,5.794885308929375,-0.4664251838627725,0.07720249688604434,-0.19589899745416728,-0.07180962581236731
130,-0.11757966953764619,-0.03675378358905729,-0.21578412650663706,-0.05380445382004281,0.26395119573946274,0.31541266212129326,0.06793695907533451,0.048313724483159466,0.0639218610179999,0.34434485504852563,-0.24336048954067904,3.9038411043132992,-0.31553655762637745,0.046424006674116065,-0.12325324702395479,-0.24874047238339006
131,-0.11812034484800016,-0.3176020599488506,0.0028973578805304087,-0.022951806756755518,0.07671936798678843,0.24141501383991906,0.031573372228362706,0.12540145203216319,-0.11826340235992841,0.4149391777478503,0.031694401766049915,3.744827969948521,-0.30021555519759296,0.02037214818715698,0.18838884327323138,0.025939918549158586
132,-0.30912715093956816,-0.4115611345453855,-0.4216709920926315,-0.2846168992750736,-0.3663851935181813,-0.46947065509983565,-0.4347665779550811,-0.3025536908468093,-0.29944800603314214,-0.1402433317906731,-0.48002381241045555,-0.2631594452672316,3.395590012716181,0.20124071463024776,-0.515735544345095,-0.16691596296172845
133,-0.4850999434744829,-0.47446230829356395,-0.4794776407088892,-0.3741791592300898,-0.15117677486033526,-0.37781944973129206,-0.45815982643514497,-0.47278387404149635,0.1283806303157493,-0.3395593048649858,-0.4391868852195485,-0.42284965954584663,4.346422852445331,-0.33477335456002844,-0.4239294058688342,-0.4650056137919893
134,-0.4014687506932264,-0.2475496545358457,-0.2720686980292646,-0.35803560290695297,-0.44091650042025754,-0.26546185524590343,-0.2917195808308997,-0.3188027240542228,-0.01929660428905874,0.15800039219502635,-0.21742210564328654,-0.45509868664323794,6.511155177625518,0.5814286211650863,-0.15047391204610136,-0.41837763865622424
135,-0.07073906852556099,-0.11943494024727866,0.06981734884000407,-0.06977379912765781,-0.04927198172422592,0.7126573280687989,-0.1376153708691014,-0.040339060426020576,-0.13189075891727786,2.8792477321124883,0.8326298806485157,0.20383751585855134,0.1685933111228444,6.714568620221685,1.1820494388210214,0.8624393333400945
136,-0.24538461899974764,0.016498241467948226,-0.16307712081107692,-0.24546317083934957,0.28857629469913904,-0.0653355958379302,-0.12987347094041388,-0.30799830318663135,1.8292389686283526,0.0664424026706668,0.0006609602346341718,-0.07723396737362487,3.1737413139720707,2.8743762867800995,0.160281702992812,0.21424686911696952
137,-0.23141455169281508,-0.07702176740682866,-0.05898266760006009,-0.1989602217259124,-0.277471947276506,0.381892819335745,0.13117682994143393,-0.17221029982107966,-0.10214423740019606,1.1125627223247925,0.5073351666271683,-0.009591145447277929,0.25405111430709765,4.855729435853158,0.8934308948562836,-0.32830754660635203
138,-0.1092847727312005,-0.34115987862674824,-0.12233749333833639,-0.24166274946796068,-0.11801953908454386,0.20099922598206102,0.3628521878256659,0.07740975905490054,-0.29287186410955984,0.8007757743650132,1.4618994516146984,0.9953314282731309,-0.20276213003199092,1.1392708489396153,5.337426981524411,1.671626613062745
139,-0.3091710731600341,-0.23123350378196322,-0.2609375421654908,-0.17271174350811874,-0.2852232902333613,-0.07947155461922674,-0.10162723067302648,-0.15726026415783628,-0.2783855437745105,0.009186880920126947,-0.008891059332427707,0.08029618635927724,-0.0597642032678203,-0.061236138829437264,2.786691807534279,0.29164429910744877
140,0.09164733369809025,-0.16969657336099,-0.21002806783333977,-0.23564629280927918,0.28002297378464575,0.1604553702124367,-0.010293866697001865,-0.15185448579431438,0.16367725685152693,0.19045235176100225,0.2268817153172055,0.07173528030263066,0.20418600011683255,0.8152525728540801,3.731326255583015,0.27261308058434286
141,-0.4991371633841291,-0.5045360740782505,-0.3598294791691277,-0.29154040092277533,-0.4007678043348742,-0.40740850053688465,-0.3712255475727288,-0.3584966855817633,-0.38586003964690807,-0.40951692873473433,-0.341119507299365,-0.3141433069677641,-0.33096034170644006,-0.42333825643668926,-0.3779009142625429,5.830942790236077
142,-0.3233419868965766,-0.5792925228217252,-0.4448452932095483,-0.3770081139726888,-0.39838269503138585,-0.5131759511732014,-0.380726043509478,-0.29308282936707597,-0.561785580640035,-0.4776287653918588,-0.22537467839358558,-0.1165394940671009,-0.35848907385833945,-0.335396308279361,-0.07783123627942856,5.2679424557633014
143,-0.4981422462730415,-0.3856261854913332,-0.40143399670570973,-0.28835397826851855,-0.5745630066691476,-0.41562629432419834,-0.3835291437287261,-0.37197305510236106,-0.3876809375228499,-0.4227740208096106,-0.42097973716665393,-0.35978107278716004,-0.4821219284906272,-0.302808480513544,0.007837196384545258,0.35349263844438833
