1,2,3,4,5,6,7,8,9,10,11,12,13,14,15,16,position_label,index
5.04243119674769,0.719899565245061,0.0579009211269058,0.219207591487814,0.2037127564786,0.0512031586170191,0.0290797319076185,0.0741730976290167,0.0991358314151156,0.0885907212626847,0.0721961533935116,0.0428074915940153,0.358460286776224,0.048534696943146,0.0336117621853163,0.0375965895343752,0.0,0
4.6502427949295,1.52485346286686,0.0677259684334157,0.684030348259407,0.0735145599911423,-0.0239511491205788,0.0332503034363523,0.0764617865134433,0.0927610751623682,0.0877437763559435,0.0768313319431828,0.0481508733279275,0.198322675987548,0.0456287654493841,0.0406447380580984,0.0372946481556518,0.0,1
5.38016773411596,0.896880204895696,0.0627177789472237,0.392725431699553,0.25378896318286,0.178843992908425,0.0176585459042173,0.0817272559992821,0.0919985870086542,0.0855514331813144,0.077792450129249,0.0531643413739786,0.0114702803813717,0.0457271281853222,0.0455018277341964,0.0379759121230305,0.0,2
1.54394242764304,5.85758601226752,1.25284004406691,0.986119285737402,0.38286328651725,0.123107753567993,0.571962089259853,0.0957667681606396,0.143812387514787,0.0584585756645875,0.0798692441061784,-0.0476735794493841,0.237099762744661,0.0137696780285345,-0.000304242047840337,0.0117985281085984,1.0,3
1.97527925048936,6.0062190422576,2.67203291794344,1.31920996874608,1.99552140507649,3.42175956317819,2.19813029484338,1.05153948880785,1.07030528554883,1.34354151112623,1.03249196679203,1.04908952626352,0.954982898882741,1.08315709503588,0.999164395836228,1.05779168979351,1.0,4
1.5799713792572,4.57215430413515,0.686323107639934,1.00756436969488,0.103674874703939,0.844944113107239,0.65602542143833,0.0424863582677471,0.0634869343834721,0.47115527561513,0.117488330504388,0.0668003493994824,0.269201312849512,0.0912975334089337,0.031078671550116,0.0248998326473616,1.0,5
0.74705107937232,1.00976104446653,7.08201348895262,0.300889667422385,0.209649148064393,1.04598277499764,0.795915325794592,0.678195069520144,0.455491603941069,0.237149514679856,0.520722702852075,0.0030981025962502,0.887510366243831,-0.0330713505276249,0.231363352202091,-0.0256907441038455,2.0,6
0.891481317048336,0.656314281814181,6.92855188214282,0.4419848102706,0.833559607724998,0.934527955986257,1.23091670299681,1.02045420465864,0.827845597282951,1.20448271511258,0.639245483120402,-0.0359592081537228,1.12141516224759,-0.0431742235406162,-0.0182663522240074,0.000377620003624721,2.0,7
1.45111743563686,1.00185964650416,7.69495121199106,1.30847271406671,0.863230861758896,1.01628067978674,1.11465529507544,1.02465898308506,0.139334176975421,1.01974242021171,1.02662447028509,0.00177094912983743,0.207439706670296,0.0719386612123504,0.284055095678324,0.0211671730788897,2.0,8
0.12253282943,0.895108953860578,0.629024721639259,8.32942946600413,0.0847109645297272,0.178629723166819,0.150062934175209,0.865454694699051,0.0888567268801827,0.0452704136247192,0.0399848530556557,-0.00310396227953692,0.345095130331728,0.0275893150478588,0.00991776680530278,-0.0053525312439149,3.0,9
0.159163241344672,1.07256110744746,0.646876403128556,7.63522990802318,0.212678541820174,0.824006297408976,0.927097831372821,1.00608730654054,0.202206673262599,0.0759007298059481,0.0546826564790604,0.171929079394384,0.39739963238627,0.0275124124499384,0.00875579137846204,-0.0708827463365679,3.0,10
-0.0033440252144973,1.05957120895786,0.826937196104161,8.46662380763227,0.0748029569492479,0.916953310220544,0.297877900717772,1.49647135174601,0.191626994968549,0.0748180141313799,0.0551264050592986,0.0224186628087848,0.34085697082664,0.0276899872239482,0.000255620645032937,0.0027424738585103,3.0,11
0.126010839207172,0.512613700286868,0.233393619256983,0.84598997439846,4.94273857083342,0.669056344903199,0.114028112405264,0.100036894156875,0.186414219371637,0.147667884831474,0.0189467172662723,-0.00785431545891194,0.448977382957681,-0.008358207708132,-0.00482707243789976,-0.00128334156289349,4.0,12
0.0348876350672468,1.23094307355504,0.0930862577265817,0.819307260331857,4.53796709787997,0.908376859019834,0.0362298280232763,0.107357935758393,0.0866404585386031,0.0792434085965612,0.0671686299502011,0.00340836281075246,0.844261056719014,0.0334868092477113,0.0120796657025965,0.0127512010177668,4.0,13
0.0965016277742573,0.516984348921333,0.10018152169048,0.579815547735732,4.56465614140212,0.775843311103649,0.069607863230792,0.0913286559713198,0.0998000628950339,0.136385488943331,0.0978568209641479,0.00578038471933698,0.808580133684019,0.0602580964064189,0.0371039358517159,0.0159538401685839,4.0,14
1.04730013237166,0.960032386568121,1.08176895092566,0.819122709630993,0.91747201062625,2.99096036440948,1.09257259157812,1.02855973601749,0.929025344251441,1.06373515359717,1.0545035916933,1.22013631197388,1.10275132010739,1.0961520169406,1.05180833853271,0.110231375238607,5.0,15
0.410641631655292,3.04783965457263,2.93275390563537,2.54370905823697,0.151297910009572,1.22548639927364,4.06658125343522,2.95905182376525,0.0936656435966012,3.01814155704654,3.00163188944071,2.94683370948064,0.368636211746481,2.98293471521133,2.97619053430653,1.97908493035621,5.0,16
0.527494850271694,5.99013151691157,5.94643061414986,3.39591627357144,0.674818750217525,6.01079070479059,7.91397986139041,3.93911478405204,0.782703907152281,8.89277898757722,7.89609759264144,2.95899164244274,0.713949225690292,4.94622928799293,5.03335436323828,1.97222626191977,5.0,17
0.842733696512482,0.909104486180916,1.05286235967399,0.728314632053601,1.22820975228785,1.1748458478775,4.18142032408014,1.30002844927341,0.72085619360019,0.95520869314584,1.18354074318451,1.18820607002769,0.457435725969176,0.957583923934204,1.32958319881439,0.314215223204926,6.0,18
1.05578139841369,0.914160004692393,0.830160785684071,0.467118572409677,0.869849366660898,0.971607964529603,3.97340236612151,0.540001937071095,0.385151503076336,0.88824325277202,0.586975483487033,0.547927193768147,0.393080787693806,0.503621751474201,0.280716341420431,0.000521309648818025,6.0,19
0.981391242052871,0.804321258298995,1.79204791341064,0.386078607722736,1.98499996110601,2.41331282269045,4.40695174807246,1.36536345989958,1.07377015401177,1.96534828387044,3.00618652160058,1.20775711054946,1.2715709486338,0.638382607052358,1.27168073716401,0.621811279916681,6.0,20
0.121872585383471,0.940633173611245,1.08516875172935,0.407075058495573,0.390246391049257,1.01027623615975,0.99523044240162,6.32235602142287,0.43709739590492,1.02871700202906,1.0557317556753,0.847581373833879,0.602680658816257,0.0280010787046832,0.194198489586158,0.0289919375954596,7.0,21
0.0192299899834872,1.07963107056635,1.11728616917554,0.828051909425652,0.840268888060787,0.961637962982321,1.26263826585916,6.01576535475977,0.252396997028205,0.436665877269596,0.52191603483506,0.54726733112269,0.349899444036656,0.0425286009413528,0.0615157071803204,0.0823220632938707,7.0,22
0.0190674491126726,1.17928878543494,0.885948608219384,0.740982605357327,0.598759343150328,0.7855089320983,0.935051809536699,5.84330961172436,0.488665329308946,0.839041148947204,0.902958216188206,1.04361343210841,0.162861886780529,0.0187652883832009,0.00731122139095718,0.0276666173453175,7.0,23
0.00662592490731096,0.66854792755568,0.00836530628583141,0.624458407952862,0.519009367717842,0.581438382291377,0.242776542680944,0.313750322278324,4.21584656157346,0.437325642017708,0.0693619342654237,0.0232016668311388,0.443663231120611,0.0454330405418493,0.0310056652023909,0.0223816322040077,8.0,24
0.00336058559628043,0.250130383449206,0.0246494362357809,0.514400737642424,0.199619756405809,0.211613911530141,0.116348604176199,0.144328053711777,3.54048776951931,0.27902567002754,0.0723309475334034,0.0329187905638821,1.49693720409791,0.107889968828071,0.0283932572826018,0.0216127847390906,8.0,25
0.00839777724228638,0.80001231283637,0.0267373388986172,0.677432409238957,0.854063839198919,0.848750311230414,0.211027019054039,0.139200554477364,3.95323551626024,0.88749175286736,0.210726169195509,0.0262153426215927,1.03395251006677,0.194719047281145,0.00495729017183916,0.0231457546959506,8.0,26
0.534788069330308,2.14987078191851,2.93277598525153,1.43882600815039,0.505258131536905,6.90212081634223,5.8980883290659,2.0002584843439,1.91164684347074,7.9729752870144,7.88754245834295,1.96433960865058,1.4290223758935,11.7799097874347,5.89188646311749,0.992571622264588,9.0,27
0.0524938255808563,1.14464860854328,0.988103131496214,1.32236575516519,0.0327104711708825,2.0275035614857,1.99274326443088,1.02882230971227,4.0902092906598,1.24606146242685,2.01806364569487,0.988028600837298,3.06976816189027,1.02476416555042,1.9909020322737,0.991405416902039,9.0,28
0.0280876643928302,1.0605582513856,0.972969038425116,0.368149999643674,1.9860535582722,1.06709393605744,0.999503540952283,0.158361906287141,5.82115737872773,2.50348456535428,0.162441740519268,0.982211925212172,4.72157474451184,0.0630431455974782,0.992082466978033,0.991984296818733,9.0,29
0.987211786891438,0.434444588564082,0.215097858157645,0.993857509035859,2.00312728947685,0.780928372914734,0.419054666338483,0.262382462137935,1.49284962260475,1.58589059797809,4.2425860365664,0.225445966960732,1.47169600575595,1.27748204904474,1.54218688701226,0.0297944183640659,10.0,30
0.368546089732754,0.990828757376848,0.934320057122433,0.80699798103116,1.05535753955726,0.994360399902376,1.07988955709482,0.884553846340429,0.836569953412532,0.964419370205051,4.9371335399508,0.966063833280378,0.369193816746337,0.472825250226272,0.668848941727644,0.550244220452642,10.0,31
1.16444196617132,1.04778899138593,1.62405712250891,0.867521942565597,1.13139363532416,1.11786530603496,1.10508547800836,1.31598069554303,0.937918879781502,1.0282202904951,3.95047719882015,1.60054182491691,0.995836221140991,1.25349166236214,1.28473123355815,0.708494069569289,10.0,32
0.0252052646088101,0.111079506853049,1.95089790222908,0.847613614774686,0.0303478009071224,1.02900589885498,3.9450441669919,3.94540376784217,0.49211596897343,0.601591403565649,4.53323633593547,1.74577194675877,0.483056119917074,1.00794022854805,2.94628126655837,3.99033691319034,11.0,33
0.0209561011738911,0.183767868554269,2.93280446119666,3.52766501460506,0.674963473528902,1.03500680859962,3.95081233535623,4.92987608366064,0.443538758294075,2.04478138830511,6.05148701535262,4.30754803605804,0.856729308250999,1.98975999511552,3.93009203558033,3.88370459637665,11.0,34
0.0175430785635956,0.251389233394227,1.95190718758834,1.94462225505161,0.0321632153801009,1.03763295554144,2.96673243332342,3.93343987171372,0.00589714399764782,2.05195809853874,4.96174052157629,2.61067560731379,0.769559054122764,1.01241095171592,2.9477135162087,3.91407699106353,11.0,35
0.0120376518583569,0.507184944080512,0.0209792838248059,0.540073876184645,0.0864260833619253,0.592946497119637,0.0257716520111345,0.0406630592752778,0.565500820561245,0.527074683898249,0.133366618216592,0.20648831472839,4.44868385058282,0.653098443960071,0.0119187655980291,0.0258284683336721,12.0,36
0.0102573127324796,0.1181436854275,0.0124512067597596,0.602101048162379,0.149596563220699,0.0536658438011009,0.0320457248224493,0.0586603118804512,0.267886062721187,0.0965429611064852,0.0919907362360865,0.174581206653844,4.11795042118699,1.36325867676485,0.00975684759733591,0.0385429566877091,12.0,37
0.00822801567443409,0.134415419121663,0.00996834380839629,0.438304657133415,0.0265150338584418,0.0741012220541606,0.0454798059152152,0.0703382088937665,0.213615949683409,0.69443118128664,0.113634241233133,0.152729070505877,4.33707216392053,0.577037410838161,0.00978047465466925,0.0405478088543554,12.0,38
0.0214016490786907,1.03146035980137,0.989458079222739,0.853928309515031,0.485981989635323,0.327562429238579,0.988522376449462,0.227162865996864,0.96201387977634,3.01354237486638,0.403717393793638,0.999206045345791,2.04454176954316,4.04808197496687,1.42855792922106,0.970277260348439,13.0,39
0.0210560827505215,0.260653413672033,0.65284287181639,0.5904793699842,1.03253117611479,1.49580798011192,1.37979536285972,0.788788139551477,1.20734092709141,3.62973102024412,2.03582955280917,0.768267581069142,1.20500037719153,5.45116019981397,1.46967782267267,0.0503151063055795,13.0,40
0.353112410218045,1.12212278622737,0.509154935417191,0.495401691622438,0.281406099806914,1.15090920549055,1.11116295279295,0.343489303286703,0.683612758944047,1.27954638021204,1.19442785960558,0.189552385977734,0.583458707812935,3.18882508838165,0.960756427469512,0.398248680626518,13.0,41
0.110823161746444,0.940050829431167,0.190015588808599,0.985068275886118,1.00925738417492,0.922553042091747,1.0425901115221,0.417335383687566,0.904036799829899,1.28437700959974,0.973715353087598,1.04502257900602,0.872889293351932,1.06618115255962,4.47270132996888,0.380687233161003,14.0,42
0.0212124421867565,0.427418492324088,0.0122198590507439,0.457862506547124,0.547217328652983,0.352214091681917,0.426246594578378,0.456922857412195,0.454203344176992,0.86758621231319,0.924444964908859,0.462585001653461,0.484771756897614,1.00158408884923,4.4394597686296,0.564737275345917,14.0,43
0.0202492076994455,1.25815684084654,1.100929562059,0.773056514238538,1.09939270321637,1.0123611713075,1.02785031483223,1.02180174688637,0.758588189791352,0.840966554159291,0.83382120014499,1.13267867290042,0.909547550513032,0.89618656553382,3.80908393475861,1.34274951033528,14.0,44
0.0171861604902059,0.930515979332525,0.210016986818288,0.722216046670742,0.519005126338796,1.02160152385259,1.12488807554834,0.810185652524655,0.837536603397172,1.12395629402163,0.925944444713652,1.2021948598866,0.764741144776406,0.947757665170542,0.956996835694993,6.96751105497942,15.0,45
0.0126459537984983,0.888481751793551,0.0259657071067807,0.829728540311679,0.102206617633368,0.953005736542189,0.990463446614686,0.800017109527167,0.856021927546738,0.980170668998029,1.2840171260252,1.09425708323196,0.863791898069379,0.100759989680083,1.01303155309325,6.58102864960085,15.0,46
0.0143350928330072,0.655675108665327,0.0272364072834513,0.761468095058148,0.350958553777515,0.66288197238917,1.3352829496622,1.22357501291228,0.959984921600173,1.35484333953001,1.35647372399665,1.37539186519441,0.367324229298106,0.298922409539126,0.920677210736893,6.48578801365274,15.0,47
18.5460383974106,1.09794091254251,0.0802816677123277,0.537877343745778,3.07644993024363,0.92945341693046,0.103220707113594,1.10133900262716,0.993873611375509,0.175706986177557,0.148753976853614,0.0956482692119687,1.96977880197089,0.0935419834423942,0.0807354710087204,0.0919089514531414,0.0,48
15.5156796376573,1.30934011981987,1.01255827723985,0.52914050967035,4.38782170896223,1.19530411528373,1.16607653734253,0.516374513121734,1.9902940920827,0.661127284890933,1.12382436089915,0.0973535329527203,2.17908767717056,0.0904505704433805,0.0789023958064333,0.0894060817955148,0.0,49
13.9291679450196,1.42758433797632,1.01500990420696,0.634148137749981,4.33666807753283,1.37024944770326,1.06022177306062,0.657670891014319,0.906734934712402,1.14315240981178,1.12319482568566,0.110686164976178,1.07658609616595,0.0849008786701114,1.04404656533804,0.0837787753030673,0.0,50
3.14616530692435,14.0685237301481,1.213574876356,1.53090542321178,3.22204003832071,3.10492408955098,0.94605506080489,0.925971489150373,3.23571364448428,0.814427365200351,0.70026111277405,1.05050781968171,2.35239805426912,1.20388554666989,0.074845414848296,1.05214773967901,1.0,51
1.37639650228646,15.7912450019447,5.04012876344639,1.4873597627224,1.30749708542342,5.01647690394115,4.7656473173738,1.02604168709379,0.566150913651571,3.08061313094508,3.20421210284602,1.15522104418584,0.925272750563238,1.90638037107827,1.79005207519985,0.5700375199534,1.0,52
0.380992101590854,15.9631651880467,2.76723587037396,2.34133717743712,0.471714851493449,3.06058712966215,2.22561247017383,1.78213138261773,0.247830968192562,1.63184149856783,1.95488017027645,1.15936655087148,0.266291866340197,1.14445384592722,1.19468804779587,1.18261385440729,1.0,53
1.07697073216235,2.07780573360411,17.4495911074957,0.813780087365019,1.0569429980124,0.823375886944145,2.78039471778048,1.13747261738132,1.06351374305344,0.785965716843792,0.855139442823238,1.08311584933791,0.186620183552645,0.839649374586133,0.960450327963336,0.0589023568894526,2.0,54
3.11662485120087,2.14810661525003,18.13669626194,0.93782554703328,1.15355233001513,1.75372299825307,4.15488249837611,1.04736759325244,1.24517185258208,1.17937099213037,1.32347203693036,0.170234858072963,1.31099804270064,1.06974389529713,0.356841251995572,0.227483360062927,2.0,55
0.961204049619028,1.10564652459365,18.2617317913337,0.869981210811429,0.927896624568476,0.97460024310148,2.81076912739387,1.19428143756501,0.713264666659594,1.1155591499064,1.09896532234968,0.234019734048477,0.0725319765638157,0.614448889258876,1.53282102916966,0.138445583973809,2.0,56
0.84348718993752,0.872785999565807,1.34028603722426,18.5461301677773,0.896926940133299,1.49525023973073,1.30033174651164,2.95047857752446,0.329857257160805,0.42056442080845,0.495444307252397,0.245063607158715,0.255711548001729,0.125079113600854,0.0652154153130726,0.0724377091566905,3.0,57
3.8954838289132,0.43740539080397,2.08137023451457,20.603038879026,1.91682678907676,0.225189772877023,1.04785108991924,5.22119118037534,1.11565766524471,0.33085608159558,0.147309535378085,1.34978470113385,0.921163324676368,0.298350153776165,0.0658710350686242,0.0883919682550813,3.0,58
0.0452760805682464,1.01525562763545,1.34543670030525,20.1596100703324,0.432235810764824,1.11152963954259,1.14662791372209,2.51309956059909,0.463414880846953,0.36339681120326,0.43418249599955,0.784267314624979,0.549466932280878,0.72192811218893,0.204046112952676,0.134506050538327,3.0,59
0.0403334646280372,0.351852387371179,0.031281342946147,0.69268423382804,17.9415347825964,0.235274939381217,0.176562270156056,0.394723193354117,0.276275329256359,0.39669063522756,0.154546414547367,0.10481742470352,0.0954164568245201,0.0845034987322841,0.066829236450118,0.078353564207179,4.0,60
0.0319490724738418,0.517844697990333,0.0303642388165853,0.135512930960841,16.5372445634488,0.114282249239863,0.505392628219957,0.191926971175412,0.156428710549223,0.0992822779008667,0.160828542489279,0.371528164158346,0.87345175032243,0.0863994086014421,0.0654741355225342,0.0766063498224978,4.0,61
0.04734341184396,1.22583830660068,1.01158617312581,0.574521689009693,14.0928324654247,1.29743624488395,1.07489778499275,0.535148172220092,1.03218972150423,0.732292207516351,1.13127234371532,0.3023476333745,0.831813566967302,1.06634202557508,1.0444060603116,0.0785862803259004,4.0,62
1.16964590469332,3.41955338440199,3.08318354045827,2.47545537103112,3.33307225265087,11.9543863944875,2.41541486012456,2.24502539289503,5.24240854901762,1.05677733226726,2.44034989305974,2.11838602476504,3.31655470082284,1.54899407100544,2.03191460571234,2.03111063874553,5.0,63
2.96518396928542,1.10319942554118,1.01816691520736,0.104535560524928,6.83003978953699,10.9594123309677,0.661985502058346,0.117229939297996,6.02001177483099,3.13029735221903,0.818896001287408,0.183003186100485,3.87661721442039,0.812058020960315,0.199960591652871,1.0550937746984,5.0,64
1.01599890020478,4.05381222397251,4.72267183975453,2.41115806704821,0.295413847327302,12.8323673368228,5.11543882676628,3.06740133158142,0.545726714529122,3.39087060352895,4.13922280208583,3.00030090894299,0.183486928803137,3.66704286382347,2.88731941927637,1.85525075611273,5.0,65
2.96472603207167,0.399754424886793,1.66008228248625,0.655856595044491,2.99130743050867,1.12410431214508,16.0037025960532,0.837440687337952,1.9898336426435,0.739010030368167,3.29502566633337,1.09706069275469,0.877478573216196,0.210746779186152,1.08415071479892,0.211299650120406,6.0,66
0.0264489568670825,1.06357508595506,0.979904517637038,0.917407028128935,2.00668365944628,1.34547988840465,15.5274390811062,1.13741908111093,2.92218853159643,1.42546188389566,4.15317825854575,1.18381390683192,1.91145232629699,0.106120931056306,0.77911939180825,0.618748448133253,6.0,67
1.98194870651795,4.28520601820872,7.06763465095939,4.88888425815258,1.04825488091332,5.7005838549485,16.0930445209716,6.14362728046633,0.32729146947994,5.32836949260547,8.14141871139737,4.8432559439289,0.710547506585434,3.82257908868293,4.82931999701347,3.05253732708148,6.0,68
0.184874600658525,0.915066871476868,1.14654210916097,0.603696583739576,0.326728918318816,1.03527803162897,0.932402032975889,17.8051408524188,0.479789772471258,0.929534364657037,0.931191248749181,2.10791064714301,0.640458479605809,0.527212560160022,0.746915666901727,0.762257504843093,7.0,69
0.0871521390757699,1.02853663098487,1.51987198264298,0.371594988424767,0.241177658608336,1.02524394030168,1.13930387957864,17.3238976221298,0.528820353541996,1.00219538072605,0.993731024631828,2.45428411148403,0.608557424986021,0.231158850243379,0.403375171537601,0.476331870121184,7.0,70
0.0315918203053834,1.18098913413334,1.56768189537227,1.09354400577045,0.549580669778184,1.35257873988853,1.2890833720656,14.0874648806054,0.941281567718972,1.27949337905517,1.73120790675378,2.64116691776793,0.3253642362346,0.0287723032294774,0.0655031210304098,0.983344127205205,7.0,71
0.0286392938206359,0.280669471922777,0.571928998880279,0.660295600816793,0.0565875686468571,0.643728566989335,0.621999317292206,0.72640666232993,9.9231757760033,0.77732791172186,0.836462100669071,0.361800095663063,1.76484413736015,0.775242414544833,0.674500667695504,1.40373464562529,8.0,72
0.0303990847710101,0.83600613071604,0.592494632295644,0.619652253783753,0.0969569787188835,1.41696492789821,0.709737341011375,-0.14267869992333,13.0638450790054,1.35807073223332,0.80453604668024,1.22189043127094,2.65167756908788,1.5920117882263,0.999807283895661,0.854779597995916,8.0,73
0.0501035557293157,0.906954676971152,0.596425823980426,0.561720483606954,0.40869000686986,1.25864332887469,0.539278823722225,0.691168558223912,14.2403163432499,0.70210373294775,1.32074471979943,0.403854459969053,2.1454171192271,1.28657710299144,0.754210555418598,1.31980991104212,8.0,74
1.0284022773834,2.20654807869401,2.895235082128,1.27810937990629,1.04098045108848,5.13096289260256,4.66734142563385,2.42993734222339,0.797655998813852,13.9394912514631,5.08354081187657,2.77718535564097,0.525751611700585,5.11267774827431,4.00487742630867,1.40309635126079,9.0,75
1.98746224559153,3.11687489945606,4.14767918735685,1.67229975795983,2.02499664019012,7.15804591904103,6.57058354507158,3.11199120492985,1.08489848483776,14.9363773017008,7.57528159942646,3.16899504930706,1.09357447561858,9.60596370819946,5.73144743627463,1.38483798562698,9.0,76
0.912848365252745,0.77347902910259,1.17122375295827,0.531319312173578,1.36753256934448,0.893372694400176,0.953787435808912,0.902839285039569,1.30771047921435,10.4055664112986,0.877500880244848,1.07093130792993,1.18078531578471,2.71628812504533,1.09704029907598,1.28392401121113,9.0,77
1.00517852187703,1.98364337538828,3.07150299524429,1.82613633913696,1.0468713166425,3.22894198386526,3.73629507486081,3.19381175503082,0.0920810476515879,2.1789676534936,10.7292691274281,3.10139747570343,0.403607421358267,2.52727313700167,3.21375947566746,2.50310401784128,10.0,78
1.00725251492158,0.393216579990927,0.151370393228844,0.717498778682913,2.01961691662333,0.116912916883214,0.919444420957336,0.588564816838679,2.90177619685885,0.973891411777233,10.6823715006497,0.953390488202941,2.79542095639349,1.3313606351692,2.40906824127376,0.429667651818675,10.0,79
1.00873647664657,2.71832029834803,3.34807028322806,2.47489734081425,1.05259832004282,3.95432638571555,3.99996297581647,3.68779523413192,0.308386699975939,4.15667502771326,11.6405812159126,4.41105418883598,0.462838462421842,3.2984695782811,3.47755347004343,2.90308736694808,10.0,80
0.0344327347833463,0.610631211487135,0.139973449323133,0.578094348625,1.03935850094853,0.277977986367299,0.332212028118866,0.422305851198494,1.50372573807094,0.610567981569793,1.05018925702371,14.4025993332733,1.52644800666663,0.134551840521328,1.04760558402963,2.12690369137589,11.0,81
0.956692033005451,0.203755880438517,0.193005990150988,0.468210138177199,0.120234779666521,0.250022032231762,0.919323479461228,0.995091068198303,1.22368005660606,0.211755404949841,1.8597778566592,16.3704115184375,1.10433484290896,0.299282208350547,0.919017069274232,2.97747905756797,11.0,82
0.956239674837053,0.33851807557816,0.0332088988877236,0.480775469384281,0.0668238622274463,0.202585059896031,0.91947747830398,1.14553286553681,1.31323238485786,0.157365885470692,1.84745471833273,15.9586345993676,1.27445032710265,0.26247908861795,0.921042295550423,3.05043137273187,11.0,83
0.026563954997614,-0.0075310409381335,0.0374581418212718,0.465589599796363,0.0641476790426977,0.740955580335657,0.105108037993834,-0.125102522871427,0.712891701350133,1.8167775185068,0.28581503368028,-0.261678834496033,14.8793057094232,3.39183711924604,0.968534458798846,0.859549967502653,12.0,84
0.0249130773718832,0.553871056258424,0.0332667599390928,0.609208721588595,0.158039686426213,0.248372145610424,0.479920665030196,0.57047539637117,0.533443138411483,0.245315398612044,0.3393518430241,0.603360843282413,10.112256679184,0.216819554976716,0.0902559061884829,0.449123637761938,12.0,85
0.0247980320252546,0.208690158784001,0.0310472397793969,0.778149741625411,0.057016537009682,0.391345346963688,0.0961449815079549,0.209761585076433,0.0623224833558166,0.490513772482358,0.16697188965151,0.333628572614163,9.78202206359474,0.675498240622058,0.0290547579426508,1.17830480088981,12.0,86
0.961830578646507,0.866018244965567,0.07067575594589,0.571853982383115,1.03369450775252,0.161842906501636,1.1324606391646,0.0346355318337722,5.73945048386899,1.17369420991434,0.158806495806258,0.129478585346499,7.69846780718248,14.0985216120614,0.690269180209502,1.18447280989656,13.0,87
0.617261079527477,0.846721421139087,1.37913039899842,0.980629020579512,1.39146041405432,0.963222852777823,1.30219292920778,1.18520981133665,0.95576626747809,0.948299257922747,0.796973007840742,1.25018919248796,1.51433653932001,12.0884638037839,0.936921634336781,0.845469998558588,13.0,88
0.627096306405711,0.831914104018842,1.04522531787804,0.544303036788996,1.05973793539739,1.0773087878162,0.971341074109268,0.803717112712876,0.878303174177767,1.04141039197683,0.997569067095158,1.01510016039,1.7540330476893,13.6827354807731,1.08590516921364,1.09191930472552,13.0,89
0.0405326131928333,-0.0720815077209243,0.137135836984543,0.209134723869981,1.06152537975314,1.44080297783562,1.56044626911281,0.0858480051351594,0.953990994438265,3.42063304899291,3.91226044175773,1.20078068183104,-0.2898436331504,5.4288430274449,13.7128189269393,0.422397732592119,14.0,90
1.13337890377453,0.682663163369803,1.37264793812819,0.849381679274999,0.858565603303234,0.862414138979819,0.903394829800048,1.2827046487285,0.703641911981643,0.797950596539648,0.931229541331838,0.976946445674036,0.733662444567493,1.36408166094887,11.9101242000063,0.942928972791731,14.0,91
0.0244377536207858,0.779735604241293,0.631567533310826,0.558255864704584,0.980436041425887,0.897814861577272,0.961228750450493,0.890606045282234,0.666478252389408,0.683063487993021,0.709554983826411,0.937460498954528,0.697363483170648,1.25810938679816,11.4473590022596,0.852415177796486,14.0,92
0.0250497433097548,0.947255465601568,0.0356482870116769,0.830285190607749,0.26806344224769,0.907582901184827,0.834778757691521,0.981575360048881,0.853762275662607,1.15602260173746,1.1325968723304,1.38984839801532,1.01861607603452,0.870771768327355,0.984274626479656,13.8859561438562,15.0,93
0.0257393664808665,1.13324435670172,0.0873588967444765,0.853321472019627,0.635694064651157,0.930526494798743,0.994949974475669,1.12652627688017,0.804798406816266,0.811029214660005,0.983632724490159,1.10430704111408,0.6928659963404,0.839189924268486,1.56321794574002,13.6791062443599,15.0,94
0.0265200520290797,0.66611596892354,0.0302461227210805,1.01853309736484,0.0672285452672631,0.796433544604472,0.86387471319217,0.695252367589399,0.466946970674783,1.28826982877714,0.992440650903259,1.47489503334282,0.442269709427785,1.07419327062957,1.80281183497077,15.8332511955291,15.0,95
33.5709414940976,1.92114428267174,1.26959821779084,0.474362686456259,0.201034233432385,0.965541685258234,0.159903867001243,0.0991338586865368,0.897546362063502,0.713627736081254,0.187859721548685,0.137618803299079,1.3178939659822,0.141067435772279,0.144050675378443,0.126631231728095,0.0,96
25.6936318656234,3.69405884021873,2.2829530440092,1.17829215883208,1.24749012999253,2.90303192445271,3.04593722608132,1.07768672356059,1.24436977403108,2.29432508889885,2.62023601784922,1.08132111878703,0.112190880341104,1.17648472484461,1.50477964061752,0.106178611939426,0.0,97
26.3541572136717,4.01135472831129,2.19263300948113,0.72253734241646,0.861609351719784,3.64482086508821,3.00700080762491,0.439151935642067,0.171176108054262,2.58822773256837,2.30935571943365,0.274908321676112,0.4575698743859,1.90847616112903,1.563079079439,0.169763732117609,0.0,98
7.74414269794853,33.7596601466114,30.3264581414441,11.8588296437349,5.07484569745685,21.4317780942526,24.8318549304784,10.4138724176419,2.52472986637069,12.1188530511993,17.0326802220797,7.23456265582198,1.26647008874825,7.35566326124799,10.4144513790213,3.76991928228782,1.0,99
3.81487534311643,14.4111832883624,5.74231336038303,3.07785458737787,2.33097811263176,5.88441386899093,5.22836935661267,2.03973563633138,1.3493319489349,3.70999834472765,3.7877762090911,1.43429394785724,0.380313509809899,1.81902604754628,1.9391272789952,1.14817007062878,1.0,100
4.52860520940245,13.9607130703617,6.65944690192321,3.13375501467177,2.39061447280098,5.34533933157205,5.54533619788599,3.2053009649757,1.19278411783192,3.43608111300226,4.33858477193692,2.06832088366218,0.280689058856821,2.27148644805675,2.18349515272966,1.19734177031961,1.0,101
2.02067762904214,8.18020037831588,28.3234390571543,5.510607447655,2.36780998754942,7.44613710492211,8.32138056775386,4.18429811953275,2.04910452475814,4.97100675988055,5.31430889012911,3.76561853847727,-0.108713259209905,3.10113931822528,3.52751657243201,2.23620347070571,2.0,102
18.0041294844146,10.256714109708,22.6821189080425,5.84504355913933,14.9924484348966,8.56226242434898,7.72679228817853,4.70718147960425,9.98615016785104,5.70909204400385,6.22624374416495,3.8647348617416,5.19986484285369,3.55669215425775,4.86787560334887,2.62297515102234,2.0,103
3.78956630156875,39.713687087243,60.3701920895542,53.1909688939747,2.99608540774201,38.5837493988738,73.8132256705651,47.1734954888418,1.94364784324866,26.9551263240352,48.4103842530428,31.5726250361143,0.918009447298363,15.9740383113819,27.7678441216338,17.8195463409368,2.0,104
1.30180762917175,7.95874721409138,17.2253240226491,42.9547242075445,1.11096920417013,7.60037054193244,12.4796692985935,12.3566159157588,0.134089623999006,5.61548674481728,8.53700451347743,7.62821437095729,0.0935716181723858,5.10314655896695,5.20725545481865,4.05690412204455,3.0,105
9.87276374682261,3.65492681313995,5.91071623050461,27.3687711443888,7.94538090196025,4.53690380239926,4.9562815765818,1.55065851931345,4.04993820062605,3.16725774513436,3.7471668582369,2.16163075655885,2.05274459214521,1.78354404591159,2.47558684013653,2.46380608357092,3.0,106
6.77710702456365,5.13422763674087,6.83303848651428,15.110562794038,6.02054931261406,4.97292035620565,4.92764902639503,1.17959281207863,2.59123715791785,3.05150756616511,4.09333692917684,1.97531075723588,1.401693413102,2.06826457556687,3.10225186955443,2.21608134111219,3.0,107
2.12509286439123,2.93531615050675,2.36476686337012,1.13507817269117,28.0928155580902,1.61641672508793,2.32827638001931,1.83603768422354,5.52767027695335,1.36791723142641,2.31550872332865,1.82891019382806,1.32783147954256,1.3415239785949,1.81052724465563,1.33181606910915,4.0,108
3.30096634196138,4.02730508377881,1.9988313093455,1.52728468038796,23.3856056873696,9.21010640402907,3.49852729015816,2.13775892786234,2.17166654958898,9.42716729715867,3.59570882448304,2.14153982222529,0.856842337383148,6.755059523822,2.53984392050936,1.47470161520199,4.0,109
3.56087054624058,2.06793718568234,2.08122295970005,1.26300924983255,24.3172037963931,2.99660438507221,2.26606537419493,1.35434035901482,2.48454580952174,2.08606282135914,2.15970213055658,1.42088942003252,3.08109466528985,1.09897803899383,1.14194132350762,1.33481316287708,4.0,110
7.75592600399292,2.09757371911706,2.16965163038068,1.02057082772075,9.64177918782178,16.2632778696849,1.96486572519599,1.13878874937823,6.87661644244728,1.19156216810075,2.37717543398408,1.0783995412641,5.68579924751584,1.11725358565922,1.01780259660807,1.07378538894263,5.0,111
4.64004036145206,24.8796793040072,27.7192878120907,15.9953924630157,3.72285713550728,38.6346782141781,37.6517421292246,20.7707957933133,2.08980488150158,34.6145218881633,35.6732438250623,19.8212169968139,1.17877821673024,27.6811117250473,25.8074043391717,13.9788832416835,5.0,112
5.57714846304038,38.0258165943099,41.7728836590593,15.2270377777738,4.69567331940368,45.4156708873248,60.304591043657,21.8821999693633,2.08575992303776,60.2463806085782,53.5966182035926,19.0276178061516,2.01947904886864,38.6187889449308,33.7628524591243,9.29915196909377,5.0,113
13.9877684044622,7.01230089005597,6.16944384134453,3.7813085574063,7.75168902047291,6.92989141863784,32.3094605369118,7.15512650600923,8.4634920357782,5.01770329395018,10.3567117702488,6.25393403074849,6.32887452087686,3.5243921423135,3.28458848309096,3.12647770918246,6.0,114
8.6574080572208,7.04465489283642,6.09510493839556,3.89682852112065,3.86882017234253,7.82702754514544,19.8985524277306,4.87745739060362,13.0949491876512,6.28597343978562,6.81173329280581,4.124204037974,9.04741472273831,4.15856703797533,4.86252718308175,3.83046981867899,6.0,115
7.63645352115052,3.99546088410112,5.01675530965267,3.18701727474001,7.2905875325436,5.0194621648877,16.7662961547053,3.24206973927445,4.34834886929847,4.09151233686298,2.99792465905674,2.1104359705928,1.88750763285583,3.01514100744286,2.90877884477353,2.02733201326654,6.0,116
1.34583758853151,4.18454261628831,9.81152173459112,10.3838043694238,1.42062476881841,5.17126634274778,10.6526095440698,26.2546482295806,-0.129935096250233,5.12286377190451,9.2492165472237,11.031836138635,0.0921902134437654,5.46730942235539,7.02881233804293,7.9439492091952,7.0,117
5.96085716621631,2.31138889309263,4.19973012274824,3.76875895785152,7.9965072250672,3.63830356980056,5.16181284650956,19.1424555121897,5.01913625048496,2.43184048188174,3.67785048378626,1.87015907716903,3.03580452562986,1.11044078416097,2.18396671635066,2.66698024186916,7.0,118
3.04161531607823,5.02195173557049,3.09395207487679,3.01844712145722,4.12477201043899,5.99170108224532,6.81103717849806,31.2954945533179,2.20116427871674,3.76074969454894,6.13665291057975,8.18128461858374,1.08170901227442,3.28871748282624,2.63202892022756,3.14410775810556,7.0,119
0.223561629085493,2.1142223186197,1.35350743465718,0.746994439618645,0.998484958232098,2.17941346502725,1.79243336026397,0.992088933977214,20.7269642780901,0.790546984179082,1.91221450399148,1.54656888625401,3.62808184388275,0.264097777638366,1.39839240611475,0.724559891481974,8.0,120
1.05366273905288,0.311057582715435,0.794020658027427,0.828496277008182,4.36701157272858,1.26164166653329,0.746471136521111,1.0788072880943,21.4223975745081,0.870566812723461,0.523237804990709,0.638724767821079,8.42974956548456,0.737211346914434,0.209202870896613,0.764478698211611,8.0,121
1.13595970682461,2.83563574696385,2.12344711539926,1.17720992631794,1.27204881511316,5.00000685166012,3.71177941079549,2.54128246001901,19.8884253301285,7.90772667347782,5.60689164351349,2.74549356831085,1.99665933128488,7.20283634259978,4.42558407420495,0.665691380964719,8.0,122
2.55323052005587,3.77579983029047,1.71440219769703,1.98125100754205,12.9167530224956,2.45439626159286,1.5756449934806,1.71122827415247,28.6637915151618,24.1078082634223,2.69782390276476,1.52720098985647,23.6845757190867,5.19096624399039,2.22687757011857,2.41155354657778,9.0,123
1.00460981581025,10.1047317109386,10.0208313451473,7.02132609382131,1.83606990849527,9.64480278464946,12.1897861077874,8.96692503335999,3.04946563859666,22.3797981267727,10.4995946047946,9.91272579425274,2.1185764119414,3.07594452039909,9.51061864320481,7.98174286480085,9.0,124
9.0459720807561,4.05433698989589,4.20957277207575,1.83033338194075,15.9733077236713,7.10704101307522,5.45306496673589,2.93031932577394,11.2376903219114,18.1961585418156,6.16687254188446,2.87252434295457,10.932701091579,4.83492233544872,5.43644341186371,2.47267933266457,9.0,125
7.01791375382675,3.66903375737199,3.44414249968406,2.39928994092128,2.07910526583907,4.32629247223301,5.49524573247793,3.58556865287079,12.0834773709221,5.5798213870233,27.2629773239498,4.39657532989932,10.0138039981953,3.20436373532379,4.58472835481698,3.15531660776775,10.0,126
2.29662802201533,3.36835972067215,2.24929977619656,1.37755048332649,8.10823592959157,3.67340585765064,4.16416385587557,3.08716196976021,15.917085500851,4.73716203662189,26.1390712164049,3.02332866812834,12.842953249585,3.10262417869894,4.17211066089639,2.15940851426773,10.0,127
2.58108894055853,8.9981440561571,12.9642161017336,8.31965150058583,2.84853645623576,14.7230831456794,19.9546961290195,13.5363047723607,2.13302701518236,16.5343138361339,37.8534606596093,17.8970024105919,1.4491237445263,14.1376013915075,17.7768643139308,12.6689008662819,10.0,128
0.0384305478677232,4.05622588080336,6.09386103531645,7.3202300001383,0.499762644635527,6.00595559553314,6.04591540942024,5.48122755621771,0.419968437855658,5.45481083940394,2.92788096127077,37.6569591362112,0.362680972569752,4.10118941828705,2.12249818375333,2.11605947383697,11.0,129
1.99875183883273,3.07409622445811,2.15648979341006,2.82175304831288,4.04258065926077,5.6768958979388,5.13166870367369,3.59853538398946,3.03232314932571,6.39868587810597,2.28256737419558,26.3884407850364,1.10841995288952,3.87831593395972,2.5602262613665,1.34859475422268,11.0,130
1.9959848379757,1.34481957277593,3.87310611970816,3.0347916820663,3.15928982633708,5.19841905891538,4.78961997392673,4.08219255224155,2.19355008894601,6.91535017440215,4.49867147521287,25.4408995174693,1.18414115874647,3.68966897843294,4.43803043134592,2.54006313464424,11.0,131
1.0184739621638,0.766282164537404,0.540309274854918,1.22798483995914,1.06888563650552,0.601755034026903,0.403061841975264,1.39715332323865,1.35938402249853,2.8520916907364,0.375782303475916,1.55775620998342,19.4499730138141,4.99937609307361,0.195318190541016,1.70352113024985,12.0,132
0.117902291082055,0.378978626356597,0.0865358927081281,0.609554224992893,2.08415972558605,1.1943816925212,0.183016691838289,0.329109797080237,3.32908853083753,1.39334199201575,0.704803472271614,0.606180299854474,24.1492875349979,1.11798612149506,0.748497478666165,0.410511489884315,12.0,133
0.545899607898132,1.77615563310372,1.7146644844901,0.721026060001011,0.717274369646615,1.92089811430289,1.74861237488475,1.29520504122533,2.64918894005157,5.03487180513925,2.49155169240089,0.414011997935659,34.8480745616355,7.75239623295343,2.39620772895499,0.612767493047603,12.0,134
2.2384668409093,2.56500072422449,4.39841785041404,2.71148414661079,2.56490902279962,8.24552309753211,3.19817095357819,3.04231773080233,2.13081032968907,24.9510816102056,10.9517703129366,4.34053823778754,3.50114181449465,52.1637455891121,10.425347510642,6.16850781386156,13.0,135
1.34468756417069,3.40198673096028,2.57023175579357,1.49834273810606,4.15875281028871,3.2149362659344,3.27099399624391,1.36299320631427,11.1597666397434,4.36477904953089,4.24863652139066,2.665665086191,18.353527068793,24.3561098036009,4.26867042874025,3.3568734524592,13.0,136
1.41618183711196,2.82615279703547,3.38735734994191,1.81944726843403,1.48834559837964,6.10676382240036,5.72652524492032,2.21494257982044,2.26776202614311,12.0211032145392,8.33088636371043,3.06874100495676,3.92350111748909,38.7035023162362,8.68627207037158,1.00346035006132,13.0,137
2.04120243003392,1.19976621395787,2.8900316229062,1.52458478388538,2.24058335695995,4.93708618050637,7.90574541402674,3.78108721338912,1.38966029503816,9.73920322736765,16.0217651428356,9.05696086562219,1.66578659302729,11.7918484657613,35.4636382950679,9.67848191268839,14.0,138
1.01824918248671,1.87661962351778,1.80204236167925,2.00069395129254,1.45177761600817,3.12353161955265,3.53668809964042,2.30874080353323,1.45635468631757,3.94573849891454,4.17167635669409,3.60436944004453,2.37252725833021,3.09872630541241,20.0941445862295,3.69259669155344,14.0,139
3.06950777345852,2.2555230598232,2.20167397679624,1.56612863274778,4.11840139116564,4.67492520105597,4.39580195061955,2.34265727167451,3.49159267036872,5.27238054821481,6.07128632300664,3.55335596993816,3.67705206206779,9.44556436671441,25.7860538657513,3.61004585844085,14.0,140
0.0460643529026978,0.193804404624887,1.02575572691719,1.1801778129384,0.906681136817117,1.00305567300597,1.00075119590396,1.04616061301964,0.961546763084754,0.881337554191995,1.49492764476843,1.25394914942724,1.03219076783141,0.476669145436578,1.02584285712173,27.7201546089197,15.0,141
0.945727042668185,-0.26649602182015,0.358394542753428,0.590020191103441,0.917933204420042,0.319151837851675,0.911386178618768,1.45657458508975,0.151593193395338,0.382842026360686,2.42747819419168,2.43144790196714,0.896135127611778,1.11347518333512,2.83391728013609,25.2780541939112,15.0,142
0.0511560159513606,0.925972309134496,0.699166604609022,1.20218017556976,0.0867793558508787,0.949918524915145,0.885019228807625,0.9616083382557,0.953163428144681,0.784311817760287,0.851497593129306,0.981998869054556,0.285102730755972,1.34945045927675,3.35011372824297,3.96087336194613,15.0,143
